file,line,type,commit,author,date,time,timezone,datetime,depth,length
style.css,1,css,e7dd2ce5,taejunp095-ops,2026-04-07,15:59:16,-07:00,2026-04-07T15:59:16-07:00,0,4
style.css,2,css,e7dd2ce5,taejunp095-ops,2026-04-07,15:59:16,-07:00,2026-04-07T15:59:16-07:00,1,31
style.css,3,css,e7dd2ce5,taejunp095-ops,2026-04-07,15:59:16,-07:00,2026-04-07T15:59:16-07:00,1,32
style.css,4,css,f31cfb56,taejunp095-ops,2026-04-13,11:06:08,-07:00,2026-04-13T11:06:08-07:00,1,23
style.css,5,css,e7dd2ce5,taejunp095-ops,2026-04-07,15:59:16,-07:00,2026-04-07T15:59:16-07:00,0,0
style.css,6,css,e7dd2ce5,taejunp095-ops,2026-04-07,15:59:16,-07:00,2026-04-07T15:59:16-07:00,0,0
style.css,7,css,b214aa97,taejunp095-ops,2026-04-01,21:27:26,-07:00,2026-04-01T21:27:26-07:00,0,4
style.css,8,css,b214aa97,taejunp095-ops,2026-04-01,21:27:26,-07:00,2026-04-01T21:27:26-07:00,1,23
style.css,9,css,75222825,taejunp095-ops,2026-04-07,16:36:53,-07:00,2026-04-07T16:36:53-07:00,1,15
style.css,10,css,e7dd2ce5,taejunp095-ops,2026-04-07,15:59:16,-07:00,2026-04-07T15:59:16-07:00,1,18
style.css,11,css,e7dd2ce5,taejunp095-ops,2026-04-07,15:59:16,-07:00,2026-04-07T15:59:16-07:00,1,19
style.css,12,css,f31cfb56,taejunp095-ops,2026-04-13,11:06:08,-07:00,2026-04-13T11:06:08-07:00,1,17
style.css,13,css,f31cfb56,taejunp095-ops,2026-04-13,11:06:08,-07:00,2026-04-13T11:06:08-07:00,0,0
style.css,14,css,f31cfb56,taejunp095-ops,2026-04-13,11:06:08,-07:00,2026-04-13T11:06:08-07:00,0,0
style.css,15,css,f31cfb56,taejunp095-ops,2026-04-13,11:06:08,-07:00,2026-04-13T11:06:08-07:00,0,1
style.css,16,css,f31cfb56,taejunp095-ops,2026-04-13,11:06:08,-07:00,2026-04-13T11:06:08-07:00,1,21
style.css,17,css,dbd9b338,taejunp095-ops,2026-04-02,12:03:50,-07:00,2026-04-02T12:03:50-07:00,0,0
style.css,18,css,dbd9b338,taejunp095-ops,2026-04-02,12:03:50,-07:00,2026-04-02T12:03:50-07:00,0,0
style.css,19,css,dbd9b338,taejunp095-ops,2026-04-02,12:03:50,-07:00,2026-04-02T12:03:50-07:00,0,3
style.css,20,css,dbd9b338,taejunp095-ops,2026-04-02,12:03:50,-07:00,2026-04-02T12:03:50-07:00,1,14
style.css,21,css,dbd9b338,taejunp095-ops,2026-04-02,12:03:50,-07:00,2026-04-02T12:03:50-07:00,1,11
style.css,22,css,dbd9b338,taejunp095-ops,2026-04-02,12:03:50,-07:00,2026-04-02T12:03:50-07:00,0,0
style.css,23,css,dbd9b338,taejunp095-ops,2026-04-02,12:03:50,-07:00,2026-04-02T12:03:50-07:00,0,0
style.css,24,css,e7dd2ce5,taejunp095-ops,2026-04-07,15:59:16,-07:00,2026-04-07T15:59:16-07:00,0,5
style.css,25,css,e7dd2ce5,taejunp095-ops,2026-04-07,15:59:16,-07:00,2026-04-07T15:59:16-07:00,0,6
style.css,26,css,e7dd2ce5,taejunp095-ops,2026-04-07,15:59:16,-07:00,2026-04-07T15:59:16-07:00,1,16
style.css,27,css,e7dd2ce5,taejunp095-ops,2026-04-07,15:59:16,-07:00,2026-04-07T15:59:16-07:00,0,0
style.css,28,css,e7dd2ce5,taejunp095-ops,2026-04-07,15:59:16,-07:00,2026-04-07T15:59:16-07:00,0,0
style.css,29,css,e7dd2ce5,taejunp095-ops,2026-04-07,15:59:16,-07:00,2026-04-07T15:59:16-07:00,0,3
style.css,30,css,e7dd2ce5,taejunp095-ops,2026-04-07,15:59:16,-07:00,2026-04-07T15:59:16-07:00,1,12
style.css,31,css,e7dd2ce5,taejunp095-ops,2026-04-07,15:59:16,-07:00,2026-04-07T15:59:16-07:00,1,18
style.css,32,css,f31cfb56,taejunp095-ops,2026-04-13,11:06:08,-07:00,2026-04-13T11:06:08-07:00,1,39
style.css,33,css,f31cfb56,taejunp095-ops,2026-04-13,11:06:08,-07:00,2026-04-13T11:06:08-07:00,1,43
style.css,34,css,e7dd2ce5,taejunp095-ops,2026-04-07,15:59:16,-07:00,2026-04-07T15:59:16-07:00,0,0
style.css,35,css,e7dd2ce5,taejunp095-ops,2026-04-07,15:59:16,-07:00,2026-04-07T15:59:16-07:00,0,0
style.css,36,css,e7dd2ce5,taejunp095-ops,2026-04-07,15:59:16,-07:00,2026-04-07T15:59:16-07:00,0,5
style.css,37,css,e7dd2ce5,taejunp095-ops,2026-04-07,15:59:16,-07:00,2026-04-07T15:59:16-07:00,1,6
style.css,38,css,e7dd2ce5,taejunp095-ops,2026-04-07,15:59:16,-07:00,2026-04-07T15:59:16-07:00,1,20
style.css,39,css,e7dd2ce5,taejunp095-ops,2026-04-07,15:59:16,-07:00,2026-04-07T15:59:16-07:00,1,13
style.css,40,css,e7dd2ce5,taejunp095-ops,2026-04-07,15:59:16,-07:00,2026-04-07T15:59:16-07:00,1,17
style.css,41,css,e7dd2ce5,taejunp095-ops,2026-04-07,15:59:16,-07:00,2026-04-07T15:59:16-07:00,1,13
style.css,42,css,e7dd2ce5,taejunp095-ops,2026-04-07,15:59:16,-07:00,2026-04-07T15:59:16-07:00,0,0
style.css,43,css,e7dd2ce5,taejunp095-ops,2026-04-07,15:59:16,-07:00,2026-04-07T15:59:16-07:00,0,0
style.css,44,css,e7dd2ce5,taejunp095-ops,2026-04-07,15:59:16,-07:00,2026-04-07T15:59:16-07:00,0,13
style.css,45,css,f31cfb56,taejunp095-ops,2026-04-13,11:06:08,-07:00,2026-04-13T11:06:08-07:00,1,45
style.css,46,css,e7dd2ce5,taejunp095-ops,2026-04-07,15:59:16,-07:00,2026-04-07T15:59:16-07:00,1,20
style.css,47,css,e7dd2ce5,taejunp095-ops,2026-04-07,15:59:16,-07:00,2026-04-07T15:59:16-07:00,0,0
style.css,48,css,e7dd2ce5,taejunp095-ops,2026-04-07,15:59:16,-07:00,2026-04-07T15:59:16-07:00,0,0
style.css,49,css,e7dd2ce5,taejunp095-ops,2026-04-07,15:59:16,-07:00,2026-04-07T15:59:16-07:00,0,11
style.css,50,css,e7dd2ce5,taejunp095-ops,2026-04-07,15:59:16,-07:00,2026-04-07T15:59:16-07:00,1,45
style.css,51,css,e7dd2ce5,taejunp095-ops,2026-04-07,15:59:16,-07:00,2026-04-07T15:59:16-07:00,1,20
style.css,52,css,450cd161,taejunp095-ops,2026-04-07,16:17:53,-07:00,2026-04-07T16:17:53-07:00,0,0
style.css,53,css,450cd161,taejunp095-ops,2026-04-07,16:17:53,-07:00,2026-04-07T16:17:53-07:00,0,0
style.css,54,css,450cd161,taejunp095-ops,2026-04-07,16:17:53,-07:00,2026-04-07T16:17:53-07:00,0,4
style.css,55,css,450cd161,taejunp095-ops,2026-04-07,16:17:53,-07:00,2026-04-07T16:17:53-07:00,1,12
style.css,56,css,450cd161,taejunp095-ops,2026-04-07,16:17:53,-07:00,2026-04-07T16:17:53-07:00,1,30
style.css,57,css,450cd161,taejunp095-ops,2026-04-07,16:17:53,-07:00,2026-04-07T16:17:53-07:00,1,7
style.css,58,css,450cd161,taejunp095-ops,2026-04-07,16:17:53,-07:00,2026-04-07T16:17:53-07:00,0,0
style.css,59,css,450cd161,taejunp095-ops,2026-04-07,16:17:53,-07:00,2026-04-07T16:17:53-07:00,0,0
style.css,60,css,d88923a9,taejunp095-ops,2026-04-13,11:03:56,-07:00,2026-04-13T11:03:56-07:00,0,10
style.css,61,css,450cd161,taejunp095-ops,2026-04-07,16:17:53,-07:00,2026-04-07T16:17:53-07:00,1,12
style.css,62,css,450cd161,taejunp095-ops,2026-04-07,16:17:53,-07:00,2026-04-07T16:17:53-07:00,1,29
style.css,63,css,450cd161,taejunp095-ops,2026-04-07,16:17:53,-07:00,2026-04-07T16:17:53-07:00,1,18
style.css,64,css,450cd161,taejunp095-ops,2026-04-07,16:17:53,-07:00,2026-04-07T16:17:53-07:00,1,18
style.css,65,css,450cd161,taejunp095-ops,2026-04-07,16:17:53,-07:00,2026-04-07T16:17:53-07:00,0,0
style.css,66,css,450cd161,taejunp095-ops,2026-04-07,16:17:53,-07:00,2026-04-07T16:17:53-07:00,0,0
style.css,67,css,450cd161,taejunp095-ops,2026-04-07,16:17:53,-07:00,2026-04-07T16:17:53-07:00,0,4
style.css,68,css,450cd161,taejunp095-ops,2026-04-07,16:17:53,-07:00,2026-04-07T16:17:53-07:00,0,7
style.css,69,css,f31cfb56,taejunp095-ops,2026-04-13,11:06:08,-07:00,2026-04-13T11:06:08-07:00,0,5
style.css,70,css,f31cfb56,taejunp095-ops,2026-04-13,11:06:08,-07:00,2026-04-13T11:06:08-07:00,0,6
style.css,71,css,450cd161,taejunp095-ops,2026-04-07,16:17:53,-07:00,2026-04-07T16:17:53-07:00,1,12
style.css,72,css,450cd161,taejunp095-ops,2026-04-07,16:17:53,-07:00,2026-04-07T16:17:53-07:00,0,0
style.css,73,css,450cd161,taejunp095-ops,2026-04-07,16:17:53,-07:00,2026-04-07T16:17:53-07:00,0,0
style.css,74,css,450cd161,taejunp095-ops,2026-04-07,16:17:53,-07:00,2026-04-07T16:17:53-07:00,0,6
style.css,75,css,450cd161,taejunp095-ops,2026-04-07,16:17:53,-07:00,2026-04-07T16:17:53-07:00,1,18
style.css,76,css,15f36485,taejunp095-ops,2026-04-07,16:28:25,-07:00,2026-04-07T16:28:25-07:00,0,0
style.css,77,css,15f36485,taejunp095-ops,2026-04-07,16:28:25,-07:00,2026-04-07T16:28:25-07:00,0,0
style.css,78,css,f31cfb56,taejunp095-ops,2026-04-13,11:06:08,-07:00,2026-04-13T11:06:08-07:00,0,13
style.css,79,css,89c44175,taejunp095-ops,2026-04-15,09:48:18,-07:00,2026-04-15T09:48:18-07:00,1,13
style.css,80,css,89c44175,taejunp095-ops,2026-04-15,09:48:18,-07:00,2026-04-15T09:48:18-07:00,1,17
style.css,81,css,89c44175,taejunp095-ops,2026-04-15,09:48:18,-07:00,2026-04-15T09:48:18-07:00,1,16
style.css,82,css,89c44175,taejunp095-ops,2026-04-15,09:48:18,-07:00,2026-04-15T09:48:18-07:00,1,18
style.css,83,css,89c44175,taejunp095-ops,2026-04-15,09:48:18,-07:00,2026-04-15T09:48:18-07:00,1,18
style.css,84,css,f31cfb56,taejunp095-ops,2026-04-13,11:06:08,-07:00,2026-04-13T11:06:08-07:00,1,13
style.css,85,css,f31cfb56,taejunp095-ops,2026-04-13,11:06:08,-07:00,2026-04-13T11:06:08-07:00,1,19
style.css,86,css,89c44175,taejunp095-ops,2026-04-15,09:48:18,-07:00,2026-04-15T09:48:18-07:00,0,0
style.css,87,css,89c44175,taejunp095-ops,2026-04-15,09:48:18,-07:00,2026-04-15T09:48:18-07:00,0,0
style.css,88,css,89c44175,taejunp095-ops,2026-04-15,09:48:18,-07:00,2026-04-15T09:48:18-07:00,0,20
style.css,89,css,89c44175,taejunp095-ops,2026-04-15,09:48:18,-07:00,2026-04-15T09:48:18-07:00,1,12
style.css,90,css,f31cfb56,taejunp095-ops,2026-04-13,11:06:08,-07:00,2026-04-13T11:06:08-07:00,0,0
style.css,91,css,f31cfb56,taejunp095-ops,2026-04-13,11:06:08,-07:00,2026-04-13T11:06:08-07:00,0,0
style.css,92,css,15f36485,taejunp095-ops,2026-04-07,16:28:25,-07:00,2026-04-07T16:28:25-07:00,0,9
style.css,93,css,15f36485,taejunp095-ops,2026-04-07,16:28:25,-07:00,2026-04-07T16:28:25-07:00,1,12
style.css,94,css,15f36485,taejunp095-ops,2026-04-07,16:28:25,-07:00,2026-04-07T16:28:25-07:00,1,58
style.css,95,css,25639c5f,taejunp095-ops,2026-04-07,16:42:43,-07:00,2026-04-07T16:42:43-07:00,1,19
style.css,96,css,15f36485,taejunp095-ops,2026-04-07,16:28:25,-07:00,2026-04-07T16:28:25-07:00,1,7
style.css,97,css,15f36485,taejunp095-ops,2026-04-07,16:28:25,-07:00,2026-04-07T16:28:25-07:00,0,0
style.css,98,css,15f36485,taejunp095-ops,2026-04-07,16:28:25,-07:00,2026-04-07T16:28:25-07:00,0,0
style.css,99,css,27520ed5,taejunp095-ops,2026-04-07,16:40:48,-07:00,2026-04-07T16:40:48-07:00,0,17
style.css,100,css,15f36485,taejunp095-ops,2026-04-07,16:28:25,-07:00,2026-04-07T16:28:25-07:00,1,12
style.css,101,css,25639c5f,taejunp095-ops,2026-04-07,16:42:43,-07:00,2026-04-07T16:42:43-07:00,1,26
style.css,102,css,15f36485,taejunp095-ops,2026-04-07,16:28:25,-07:00,2026-04-07T16:28:25-07:00,1,15
style.css,103,css,27520ed5,taejunp095-ops,2026-04-07,16:40:48,-07:00,2026-04-07T16:40:48-07:00,0,0
style.css,104,css,15f36485,taejunp095-ops,2026-04-07,16:28:25,-07:00,2026-04-07T16:28:25-07:00,0,0
style.css,105,css,15f36485,taejunp095-ops,2026-04-07,16:28:25,-07:00,2026-04-07T16:28:25-07:00,0,12
style.css,106,css,15f36485,taejunp095-ops,2026-04-07,16:28:25,-07:00,2026-04-07T16:28:25-07:00,1,8
style.css,107,css,15f36485,taejunp095-ops,2026-04-07,16:28:25,-07:00,2026-04-07T16:28:25-07:00,0,0
style.css,108,css,15f36485,taejunp095-ops,2026-04-07,16:28:25,-07:00,2026-04-07T16:28:25-07:00,0,0
style.css,109,css,15f36485,taejunp095-ops,2026-04-07,16:28:25,-07:00,2026-04-07T16:28:25-07:00,0,2
style.css,110,css,15f36485,taejunp095-ops,2026-04-07,16:28:25,-07:00,2026-04-07T16:28:25-07:00,1,14
style.css,111,css,15f36485,taejunp095-ops,2026-04-07,16:28:25,-07:00,2026-04-07T16:28:25-07:00,0,0
style.css,112,css,15f36485,taejunp095-ops,2026-04-07,16:28:25,-07:00,2026-04-07T16:28:25-07:00,0,0
style.css,113,css,15f36485,taejunp095-ops,2026-04-07,16:28:25,-07:00,2026-04-07T16:28:25-07:00,0,1
style.css,114,css,15f36485,taejunp095-ops,2026-04-07,16:28:25,-07:00,2026-04-07T16:28:25-07:00,0,1
style.css,115,css,15f36485,taejunp095-ops,2026-04-07,16:28:25,-07:00,2026-04-07T16:28:25-07:00,0,1
style.css,116,css,15f36485,taejunp095-ops,2026-04-07,16:28:25,-07:00,2026-04-07T16:28:25-07:00,0,1
style.css,117,css,15f36485,taejunp095-ops,2026-04-07,16:28:25,-07:00,2026-04-07T16:28:25-07:00,0,1
style.css,118,css,15f36485,taejunp095-ops,2026-04-07,16:28:25,-07:00,2026-04-07T16:28:25-07:00,0,2
style.css,119,css,15f36485,taejunp095-ops,2026-04-07,16:28:25,-07:00,2026-04-07T16:28:25-07:00,1,15
style.css,120,css,15f36485,taejunp095-ops,2026-04-07,16:28:25,-07:00,2026-04-07T16:28:25-07:00,1,17
style.css,121,css,bfbef7f1,taejunp095-ops,2026-04-07,16:55:35,-07:00,2026-04-07T16:55:35-07:00,0,0
style.css,122,css,bfbef7f1,taejunp095-ops,2026-04-07,16:55:35,-07:00,2026-04-07T16:55:35-07:00,0,0
style.css,123,css,bfbef7f1,taejunp095-ops,2026-04-07,16:55:35,-07:00,2026-04-07T16:55:35-07:00,0,14
style.css,124,css,bfbef7f1,taejunp095-ops,2026-04-07,16:55:35,-07:00,2026-04-07T16:55:35-07:00,1,18
style.css,125,css,bfbef7f1,taejunp095-ops,2026-04-07,16:55:35,-07:00,2026-04-07T16:55:35-07:00,0,0
style.css,126,css,bfbef7f1,taejunp095-ops,2026-04-07,16:55:35,-07:00,2026-04-07T16:55:35-07:00,0,0
style.css,127,css,bfbef7f1,taejunp095-ops,2026-04-07,16:55:35,-07:00,2026-04-07T16:55:35-07:00,0,16
style.css,128,css,bfbef7f1,taejunp095-ops,2026-04-07,16:55:35,-07:00,2026-04-07T16:55:35-07:00,1,20
style.css,129,css,bfbef7f1,taejunp095-ops,2026-04-07,16:55:35,-07:00,2026-04-07T16:55:35-07:00,1,23
style.css,130,css,bfbef7f1,taejunp095-ops,2026-04-07,16:55:35,-07:00,2026-04-07T16:55:35-07:00,0,0
style.css,131,css,bfbef7f1,taejunp095-ops,2026-04-07,16:55:35,-07:00,2026-04-07T16:55:35-07:00,0,0
style.css,132,css,bfbef7f1,taejunp095-ops,2026-04-07,16:55:35,-07:00,2026-04-07T16:55:35-07:00,0,7
style.css,133,css,bfbef7f1,taejunp095-ops,2026-04-07,16:55:35,-07:00,2026-04-07T16:55:35-07:00,1,17
style.css,134,css,bfbef7f1,taejunp095-ops,2026-04-07,16:55:35,-07:00,2026-04-07T16:55:35-07:00,0,0
style.css,135,css,bfbef7f1,taejunp095-ops,2026-04-07,16:55:35,-07:00,2026-04-07T16:55:35-07:00,0,0
style.css,136,css,bfbef7f1,taejunp095-ops,2026-04-07,16:55:35,-07:00,2026-04-07T16:55:35-07:00,0,10
style.css,137,css,bfbef7f1,taejunp095-ops,2026-04-07,16:55:35,-07:00,2026-04-07T16:55:35-07:00,1,41
style.css,138,css,bfbef7f1,taejunp095-ops,2026-04-07,16:55:35,-07:00,2026-04-07T16:55:35-07:00,1,21
style.css,139,css,bfbef7f1,taejunp095-ops,2026-04-07,16:55:35,-07:00,2026-04-07T16:55:35-07:00,1,18
style.css,140,css,bfbef7f1,taejunp095-ops,2026-04-07,16:55:35,-07:00,2026-04-07T16:55:35-07:00,0,0
style.css,141,css,bfbef7f1,taejunp095-ops,2026-04-07,16:55:35,-07:00,2026-04-07T16:55:35-07:00,0,0
style.css,142,css,bfbef7f1,taejunp095-ops,2026-04-07,16:55:35,-07:00,2026-04-07T16:55:35-07:00,0,15
style.css,143,css,bfbef7f1,taejunp095-ops,2026-04-07,16:55:35,-07:00,2026-04-07T16:55:35-07:00,1,12
style.css,144,css,bfbef7f1,taejunp095-ops,2026-04-07,16:55:35,-07:00,2026-04-07T16:55:35-07:00,1,30
style.css,145,css,bfbef7f1,taejunp095-ops,2026-04-07,16:55:35,-07:00,2026-04-07T16:55:35-07:00,1,16
style.css,146,css,bfbef7f1,taejunp095-ops,2026-04-07,16:55:35,-07:00,2026-04-07T16:55:35-07:00,1,20
style.css,147,css,bfbef7f1,taejunp095-ops,2026-04-07,16:55:35,-07:00,2026-04-07T16:55:35-07:00,0,0
style.css,148,css,bfbef7f1,taejunp095-ops,2026-04-07,16:55:35,-07:00,2026-04-07T16:55:35-07:00,0,0
style.css,149,css,bfbef7f1,taejunp095-ops,2026-04-07,16:55:35,-07:00,2026-04-07T16:55:35-07:00,0,18
style.css,150,css,bfbef7f1,taejunp095-ops,2026-04-07,16:55:35,-07:00,2026-04-07T16:55:35-07:00,1,8
style.css,151,css,bfbef7f1,taejunp095-ops,2026-04-07,16:55:35,-07:00,2026-04-07T16:55:35-07:00,0,0
style.css,152,css,bfbef7f1,taejunp095-ops,2026-04-07,16:55:35,-07:00,2026-04-07T16:55:35-07:00,0,0
style.css,153,css,bfbef7f1,taejunp095-ops,2026-04-07,16:55:35,-07:00,2026-04-07T16:55:35-07:00,0,17
style.css,154,css,bfbef7f1,taejunp095-ops,2026-04-07,16:55:35,-07:00,2026-04-07T16:55:35-07:00,1,8
style.css,155,css,bfbef7f1,taejunp095-ops,2026-04-07,16:55:35,-07:00,2026-04-07T16:55:35-07:00,0,0
style.css,156,css,bfbef7f1,taejunp095-ops,2026-04-07,16:55:35,-07:00,2026-04-07T16:55:35-07:00,0,0
style.css,157,css,bfbef7f1,taejunp095-ops,2026-04-07,16:55:35,-07:00,2026-04-07T16:55:35-07:00,0,20
style.css,158,css,bfbef7f1,taejunp095-ops,2026-04-07,16:55:35,-07:00,2026-04-07T16:55:35-07:00,1,23
style.css,159,css,bfbef7f1,taejunp095-ops,2026-04-07,16:55:35,-07:00,2026-04-07T16:55:35-07:00,0,0
style.css,160,css,bfbef7f1,taejunp095-ops,2026-04-07,16:55:35,-07:00,2026-04-07T16:55:35-07:00,0,0
style.css,161,css,bfbef7f1,taejunp095-ops,2026-04-07,16:55:35,-07:00,2026-04-07T16:55:35-07:00,0,32
style.css,162,css,bfbef7f1,taejunp095-ops,2026-04-07,16:55:35,-07:00,2026-04-07T16:55:35-07:00,1,16
style.css,163,css,bfbef7f1,taejunp095-ops,2026-04-07,16:55:35,-07:00,2026-04-07T16:55:35-07:00,1,18
style.css,164,css,bfbef7f1,taejunp095-ops,2026-04-07,16:55:35,-07:00,2026-04-07T16:55:35-07:00,0,0
style.css,165,css,bfbef7f1,taejunp095-ops,2026-04-07,16:55:35,-07:00,2026-04-07T16:55:35-07:00,0,0
style.css,166,css,bfbef7f1,taejunp095-ops,2026-04-07,16:55:35,-07:00,2026-04-07T16:55:35-07:00,0,18
style.css,167,css,bfbef7f1,taejunp095-ops,2026-04-07,16:55:35,-07:00,2026-04-07T16:55:35-07:00,1,18
style.css,168,css,bfbef7f1,taejunp095-ops,2026-04-07,16:55:35,-07:00,2026-04-07T16:55:35-07:00,1,25
style.css,169,css,bfbef7f1,taejunp095-ops,2026-04-07,16:55:35,-07:00,2026-04-07T16:55:35-07:00,1,9
style.css,170,css,bfbef7f1,taejunp095-ops,2026-04-07,16:55:35,-07:00,2026-04-07T16:55:35-07:00,0,0
style.css,171,css,bfbef7f1,taejunp095-ops,2026-04-07,16:55:35,-07:00,2026-04-07T16:55:35-07:00,0,0
style.css,172,css,bfbef7f1,taejunp095-ops,2026-04-07,16:55:35,-07:00,2026-04-07T16:55:35-07:00,0,17
style.css,173,css,bfbef7f1,taejunp095-ops,2026-04-07,16:55:35,-07:00,2026-04-07T16:55:35-07:00,1,20
style.css,174,css,bfbef7f1,taejunp095-ops,2026-04-07,16:55:35,-07:00,2026-04-07T16:55:35-07:00,1,25
style.css,175,css,bfbef7f1,taejunp095-ops,2026-04-07,16:55:35,-07:00,2026-04-07T16:55:35-07:00,0,0
style.css,176,css,bfbef7f1,taejunp095-ops,2026-04-07,16:55:35,-07:00,2026-04-07T16:55:35-07:00,0,0
style.css,177,css,bfbef7f1,taejunp095-ops,2026-04-07,16:55:35,-07:00,2026-04-07T16:55:35-07:00,0,23
style.css,178,css,bfbef7f1,taejunp095-ops,2026-04-07,16:55:35,-07:00,2026-04-07T16:55:35-07:00,1,25
style.css,179,css,bfbef7f1,taejunp095-ops,2026-04-07,16:55:35,-07:00,2026-04-07T16:55:35-07:00,0,0
style.css,180,css,bfbef7f1,taejunp095-ops,2026-04-07,16:55:35,-07:00,2026-04-07T16:55:35-07:00,0,0
style.css,181,css,bfbef7f1,taejunp095-ops,2026-04-07,16:55:35,-07:00,2026-04-07T16:55:35-07:00,0,17
style.css,182,css,bfbef7f1,taejunp095-ops,2026-04-07,16:55:35,-07:00,2026-04-07T16:55:35-07:00,1,19
style.css,183,css,bfbef7f1,taejunp095-ops,2026-04-07,16:55:35,-07:00,2026-04-07T16:55:35-07:00,0,0
style.css,184,css,bfbef7f1,taejunp095-ops,2026-04-07,16:55:35,-07:00,2026-04-07T16:55:35-07:00,0,0
style.css,185,css,bfbef7f1,taejunp095-ops,2026-04-07,16:55:35,-07:00,2026-04-07T16:55:35-07:00,0,2
style.css,186,css,bfbef7f1,taejunp095-ops,2026-04-07,16:55:35,-07:00,2026-04-07T16:55:35-07:00,1,20
style.css,187,css,2243cf09,taejunp095-ops,2026-04-20,15:32:40,-07:00,2026-04-20T15:32:40-07:00,0,0
style.css,188,css,2243cf09,taejunp095-ops,2026-04-20,15:32:40,-07:00,2026-04-20T15:32:40-07:00,0,0
style.css,189,css,0fe1c858,taejunp095-ops,2026-04-20,15:34:41,-07:00,2026-04-20T15:34:41-07:00,0,14
style.css,190,css,0fe1c858,taejunp095-ops,2026-04-20,15:34:41,-07:00,2026-04-20T15:34:41-07:00,1,15
style.css,191,css,0fe1c858,taejunp095-ops,2026-04-20,15:34:41,-07:00,2026-04-20T15:34:41-07:00,0,0
style.css,192,css,0fe1c858,taejunp095-ops,2026-04-20,15:34:41,-07:00,2026-04-20T15:34:41-07:00,0,0
style.css,193,css,2243cf09,taejunp095-ops,2026-04-20,15:32:40,-07:00,2026-04-20T15:32:40-07:00,0,17
style.css,194,css,2243cf09,taejunp095-ops,2026-04-20,15:32:40,-07:00,2026-04-20T15:32:40-07:00,1,12
style.css,195,css,2243cf09,taejunp095-ops,2026-04-20,15:32:40,-07:00,2026-04-20T15:32:40-07:00,1,36
style.css,196,css,0fe1c858,taejunp095-ops,2026-04-20,15:34:41,-07:00,2026-04-20T15:34:41-07:00,1,17
style.css,197,css,0fe1c858,taejunp095-ops,2026-04-20,15:34:41,-07:00,2026-04-20T15:34:41-07:00,1,8
style.css,198,css,2243cf09,taejunp095-ops,2026-04-20,15:32:40,-07:00,2026-04-20T15:32:40-07:00,1,17
style.css,199,css,2243cf09,taejunp095-ops,2026-04-20,15:32:40,-07:00,2026-04-20T15:32:40-07:00,0,0
style.css,200,css,2243cf09,taejunp095-ops,2026-04-20,15:32:40,-07:00,2026-04-20T15:32:40-07:00,0,0
style.css,201,css,2243cf09,taejunp095-ops,2026-04-20,15:32:40,-07:00,2026-04-20T15:32:40-07:00,0,17
style.css,202,css,2243cf09,taejunp095-ops,2026-04-20,15:32:40,-07:00,2026-04-20T15:32:40-07:00,1,10
style.css,203,css,0fe1c858,taejunp095-ops,2026-04-20,15:34:41,-07:00,2026-04-20T15:34:41-07:00,1,15
style.css,204,css,2243cf09,taejunp095-ops,2026-04-20,15:32:40,-07:00,2026-04-20T15:32:40-07:00,0,0
style.css,205,css,2243cf09,taejunp095-ops,2026-04-20,15:32:40,-07:00,2026-04-20T15:32:40-07:00,0,0
style.css,206,css,2243cf09,taejunp095-ops,2026-04-20,15:32:40,-07:00,2026-04-20T15:32:40-07:00,0,17
style.css,207,css,2243cf09,taejunp095-ops,2026-04-20,15:32:40,-07:00,2026-04-20T15:32:40-07:00,1,10
style.css,208,css,2243cf09,taejunp095-ops,2026-04-20,15:32:40,-07:00,2026-04-20T15:32:40-07:00,1,8
style.css,209,css,2243cf09,taejunp095-ops,2026-04-20,15:32:40,-07:00,2026-04-20T15:32:40-07:00,1,16
style.css,210,css,7efa9c3e,taejunp095-ops,2026-04-30,09:50:47,-07:00,2026-04-30T09:50:47-07:00,0,0
style.css,211,css,7efa9c3e,taejunp095-ops,2026-04-30,09:50:47,-07:00,2026-04-30T09:50:47-07:00,0,0
style.css,212,css,7efa9c3e,taejunp095-ops,2026-04-30,09:50:47,-07:00,2026-04-30T09:50:47-07:00,0,0
style.css,213,css,7efa9c3e,taejunp095-ops,2026-04-30,09:50:47,-07:00,2026-04-30T09:50:47-07:00,0,13
style.css,214,css,7efa9c3e,taejunp095-ops,2026-04-30,09:50:47,-07:00,2026-04-30T09:50:47-07:00,1,30
style.css,215,css,7efa9c3e,taejunp095-ops,2026-04-30,09:50:47,-07:00,2026-04-30T09:50:47-07:00,1,34
style.css,216,css,7efa9c3e,taejunp095-ops,2026-04-30,09:50:47,-07:00,2026-04-30T09:50:47-07:00,1,10
style.css,217,css,7efa9c3e,taejunp095-ops,2026-04-30,09:50:47,-07:00,2026-04-30T09:50:47-07:00,1,17
style.css,218,css,8256ac5a,taejunp095-ops,2026-04-30,10:07:10,-07:00,2026-04-30T10:07:10-07:00,0,0
style.css,219,css,8256ac5a,taejunp095-ops,2026-04-30,10:07:10,-07:00,2026-04-30T10:07:10-07:00,0,0
style.css,220,css,8256ac5a,taejunp095-ops,2026-04-30,10:07:10,-07:00,2026-04-30T10:07:10-07:00,0,0
style.css,221,css,8256ac5a,taejunp095-ops,2026-04-30,10:07:10,-07:00,2026-04-30T10:07:10-07:00,0,16
style.css,222,css,8256ac5a,taejunp095-ops,2026-04-30,10:07:10,-07:00,2026-04-30T10:07:10-07:00,1,12
style.css,223,css,8256ac5a,taejunp095-ops,2026-04-30,10:07:10,-07:00,2026-04-30T10:07:10-07:00,1,18
style.css,224,css,8256ac5a,taejunp095-ops,2026-04-30,10:07:10,-07:00,2026-04-30T10:07:10-07:00,1,7
style.css,225,css,8256ac5a,taejunp095-ops,2026-04-30,10:07:10,-07:00,2026-04-30T10:07:10-07:00,1,16
style.css,226,css,8256ac5a,taejunp095-ops,2026-04-30,10:07:10,-07:00,2026-04-30T10:07:10-07:00,0,0
style.css,227,css,8256ac5a,taejunp095-ops,2026-04-30,10:07:10,-07:00,2026-04-30T10:07:10-07:00,0,0
style.css,228,css,8256ac5a,taejunp095-ops,2026-04-30,10:07:10,-07:00,2026-04-30T10:07:10-07:00,0,18
style.css,229,css,8256ac5a,taejunp095-ops,2026-04-30,10:07:10,-07:00,2026-04-30T10:07:10-07:00,1,14
style.css,230,css,8256ac5a,taejunp095-ops,2026-04-30,10:07:10,-07:00,2026-04-30T10:07:10-07:00,1,16
style.css,231,css,8256ac5a,taejunp095-ops,2026-04-30,10:07:10,-07:00,2026-04-30T10:07:10-07:00,0,0
style.css,232,css,8256ac5a,taejunp095-ops,2026-04-30,10:07:10,-07:00,2026-04-30T10:07:10-07:00,0,0
style.css,233,css,8256ac5a,taejunp095-ops,2026-04-30,10:07:10,-07:00,2026-04-30T10:07:10-07:00,0,7
style.css,234,css,8256ac5a,taejunp095-ops,2026-04-30,10:07:10,-07:00,2026-04-30T10:07:10-07:00,1,6
style.css,235,css,8256ac5a,taejunp095-ops,2026-04-30,10:07:10,-07:00,2026-04-30T10:07:10-07:00,1,12
style.css,236,css,8256ac5a,taejunp095-ops,2026-04-30,10:07:10,-07:00,2026-04-30T10:07:10-07:00,1,57
style.css,237,css,8256ac5a,taejunp095-ops,2026-04-30,10:07:10,-07:00,2026-04-30T10:07:10-07:00,1,7
style.css,238,css,8256ac5a,taejunp095-ops,2026-04-30,10:07:10,-07:00,2026-04-30T10:07:10-07:00,0,0
style.css,239,css,8256ac5a,taejunp095-ops,2026-04-30,10:07:10,-07:00,2026-04-30T10:07:10-07:00,1,15
style.css,240,css,8256ac5a,taejunp095-ops,2026-04-30,10:07:10,-07:00,2026-04-30T10:07:10-07:00,1,11
style.css,241,css,8256ac5a,taejunp095-ops,2026-04-30,10:07:10,-07:00,2026-04-30T10:07:10-07:00,1,8
style.css,242,css,8256ac5a,taejunp095-ops,2026-04-30,10:07:10,-07:00,2026-04-30T10:07:10-07:00,0,0
style.css,243,css,496d2267,taejunp095-ops,2026-04-30,10:29:28,-07:00,2026-04-30T10:29:28-07:00,1,60
style.css,244,css,8256ac5a,taejunp095-ops,2026-04-30,10:07:10,-07:00,2026-04-30T10:07:10-07:00,1,19
style.css,245,css,8256ac5a,taejunp095-ops,2026-04-30,10:07:10,-07:00,2026-04-30T10:07:10-07:00,0,0
style.css,246,css,8256ac5a,taejunp095-ops,2026-04-30,10:07:10,-07:00,2026-04-30T10:07:10-07:00,0,0
style.css,247,css,8256ac5a,taejunp095-ops,2026-04-30,10:07:10,-07:00,2026-04-30T10:07:10-07:00,0,10
style.css,248,css,8256ac5a,taejunp095-ops,2026-04-30,10:07:10,-07:00,2026-04-30T10:07:10-07:00,1,12
style.css,249,css,8256ac5a,taejunp095-ops,2026-04-30,10:07:10,-07:00,2026-04-30T10:07:10-07:00,1,18
style.css,250,css,8256ac5a,taejunp095-ops,2026-04-30,10:07:10,-07:00,2026-04-30T10:07:10-07:00,1,9
style.css,251,css,8256ac5a,taejunp095-ops,2026-04-30,10:07:10,-07:00,2026-04-30T10:07:10-07:00,0,0
style.css,252,css,8256ac5a,taejunp095-ops,2026-04-30,10:07:10,-07:00,2026-04-30T10:07:10-07:00,0,0
style.css,253,css,8256ac5a,taejunp095-ops,2026-04-30,10:07:10,-07:00,2026-04-30T10:07:10-07:00,0,7
style.css,254,css,8256ac5a,taejunp095-ops,2026-04-30,10:07:10,-07:00,2026-04-30T10:07:10-07:00,1,9
style.css,255,css,8256ac5a,taejunp095-ops,2026-04-30,10:07:10,-07:00,2026-04-30T10:07:10-07:00,1,18
style.css,256,css,8256ac5a,taejunp095-ops,2026-04-30,10:07:10,-07:00,2026-04-30T10:07:10-07:00,1,29
style.css,257,css,8256ac5a,taejunp095-ops,2026-04-30,10:07:10,-07:00,2026-04-30T10:07:10-07:00,1,20
style.css,258,css,8256ac5a,taejunp095-ops,2026-04-30,10:07:10,-07:00,2026-04-30T10:07:10-07:00,1,20
style.css,259,css,8256ac5a,taejunp095-ops,2026-04-30,10:07:10,-07:00,2026-04-30T10:07:10-07:00,0,0
style.css,260,css,8256ac5a,taejunp095-ops,2026-04-30,10:07:10,-07:00,2026-04-30T10:07:10-07:00,0,0
style.css,261,css,8256ac5a,taejunp095-ops,2026-04-30,10:07:10,-07:00,2026-04-30T10:07:10-07:00,0,4
style.css,262,css,8256ac5a,taejunp095-ops,2026-04-30,10:07:10,-07:00,2026-04-30T10:07:10-07:00,1,14
style.css,263,css,496d2267,taejunp095-ops,2026-04-30,10:29:28,-07:00,2026-04-30T10:29:28-07:00,1,16
style.css,264,css,496d2267,taejunp095-ops,2026-04-30,10:29:28,-07:00,2026-04-30T10:29:28-07:00,0,0
style.css,265,css,496d2267,taejunp095-ops,2026-04-30,10:29:28,-07:00,2026-04-30T10:29:28-07:00,0,0
style.css,266,css,496d2267,taejunp095-ops,2026-04-30,10:29:28,-07:00,2026-04-30T10:29:28-07:00,0,51
style.css,267,css,496d2267,taejunp095-ops,2026-04-30,10:29:28,-07:00,2026-04-30T10:29:28-07:00,1,11
style.css,268,css,8256ac5a,taejunp095-ops,2026-04-30,10:07:10,-07:00,2026-04-30T10:07:10-07:00,0,0
style.css,269,css,8256ac5a,taejunp095-ops,2026-04-30,10:07:10,-07:00,2026-04-30T10:07:10-07:00,0,0
style.css,270,css,496d2267,taejunp095-ops,2026-04-30,10:29:28,-07:00,2026-04-30T10:29:28-07:00,0,9
style.css,271,css,496d2267,taejunp095-ops,2026-04-30,10:29:28,-07:00,2026-04-30T10:29:28-07:00,1,24
style.css,272,css,8256ac5a,taejunp095-ops,2026-04-30,10:07:10,-07:00,2026-04-30T10:07:10-07:00,0,0
style.css,273,css,8256ac5a,taejunp095-ops,2026-04-30,10:07:10,-07:00,2026-04-30T10:07:10-07:00,0,0
style.css,274,css,8256ac5a,taejunp095-ops,2026-04-30,10:07:10,-07:00,2026-04-30T10:07:10-07:00,0,13
style.css,275,css,496d2267,taejunp095-ops,2026-04-30,10:29:28,-07:00,2026-04-30T10:29:28-07:00,1,17
style.css,276,css,8256ac5a,taejunp095-ops,2026-04-30,10:07:10,-07:00,2026-04-30T10:07:10-07:00,0,0
style.css,277,css,8256ac5a,taejunp095-ops,2026-04-30,10:07:10,-07:00,2026-04-30T10:07:10-07:00,0,0
style.css,278,css,8256ac5a,taejunp095-ops,2026-04-30,10:07:10,-07:00,2026-04-30T10:07:10-07:00,0,19
style.css,279,css,496d2267,taejunp095-ops,2026-04-30,10:29:28,-07:00,2026-04-30T10:29:28-07:00,1,18
style.css,280,css,8256ac5a,taejunp095-ops,2026-04-30,10:07:10,-07:00,2026-04-30T10:07:10-07:00,1,16
style.css,281,css,8256ac5a,taejunp095-ops,2026-04-30,10:07:10,-07:00,2026-04-30T10:07:10-07:00,0,0
style.css,282,css,8256ac5a,taejunp095-ops,2026-04-30,10:07:10,-07:00,2026-04-30T10:07:10-07:00,0,0
style.css,283,css,8256ac5a,taejunp095-ops,2026-04-30,10:07:10,-07:00,2026-04-30T10:07:10-07:00,0,10
style.css,284,css,8256ac5a,taejunp095-ops,2026-04-30,10:07:10,-07:00,2026-04-30T10:07:10-07:00,1,10
style.css,285,css,8256ac5a,taejunp095-ops,2026-04-30,10:07:10,-07:00,2026-04-30T10:07:10-07:00,1,14
style.css,286,css,8256ac5a,taejunp095-ops,2026-04-30,10:07:10,-07:00,2026-04-30T10:07:10-07:00,1,12
style.css,287,css,8256ac5a,taejunp095-ops,2026-04-30,10:07:10,-07:00,2026-04-30T10:07:10-07:00,1,17
style.css,288,css,b214aa97,taejunp095-ops,2026-04-01,21:27:26,-07:00,2026-04-01T21:27:26-07:00,0,0
index.js,1,js,536ff3c1,taejunp095-ops,2026-04-20,15:27:44,-07:00,2026-04-20T15:27:44-07:00,0,71
index.js,2,js,c04e73f5,taejunp095-ops,2026-04-20,15:21:03,-07:00,2026-04-20T15:21:03-07:00,0,0
index.js,3,js,536ff3c1,taejunp095-ops,2026-04-20,15:27:44,-07:00,2026-04-20T15:27:44-07:00,0,31
index.js,4,js,c04e73f5,taejunp095-ops,2026-04-20,15:21:03,-07:00,2026-04-20T15:21:03-07:00,0,54
index.js,5,js,c04e73f5,taejunp095-ops,2026-04-20,15:21:03,-07:00,2026-04-20T15:21:03-07:00,0,0
index.js,6,js,c04e73f5,taejunp095-ops,2026-04-20,15:21:03,-07:00,2026-04-20T15:21:03-07:00,0,60
index.js,7,js,c04e73f5,taejunp095-ops,2026-04-20,15:21:03,-07:00,2026-04-20T15:21:03-07:00,0,0
index.js,8,js,536ff3c1,taejunp095-ops,2026-04-20,15:27:44,-07:00,2026-04-20T15:27:44-07:00,0,34
index.js,9,js,536ff3c1,taejunp095-ops,2026-04-20,15:27:44,-07:00,2026-04-20T15:27:44-07:00,1,42
index.js,10,js,c04e73f5,taejunp095-ops,2026-04-20,15:21:03,-07:00,2026-04-20T15:21:03-07:00,1,54
index.js,11,js,536ff3c1,taejunp095-ops,2026-04-20,15:27:44,-07:00,2026-04-20T15:27:44-07:00,0,0
index.js,12,js,536ff3c1,taejunp095-ops,2026-04-20,15:27:44,-07:00,2026-04-20T15:27:44-07:00,0,0
index.js,13,js,536ff3c1,taejunp095-ops,2026-04-20,15:27:44,-07:00,2026-04-20T15:27:44-07:00,0,29
index.js,14,js,536ff3c1,taejunp095-ops,2026-04-20,15:27:44,-07:00,2026-04-20T15:27:44-07:00,0,77
index.js,15,js,536ff3c1,taejunp095-ops,2026-04-20,15:27:44,-07:00,2026-04-20T15:27:44-07:00,0,0
index.js,16,js,2243cf09,taejunp095-ops,2026-04-20,15:32:40,-07:00,2026-04-20T15:32:40-07:00,0,37
index.js,17,js,2243cf09,taejunp095-ops,2026-04-20,15:32:40,-07:00,2026-04-20T15:32:40-07:00,0,0
index.js,18,js,536ff3c1,taejunp095-ops,2026-04-20,15:27:44,-07:00,2026-04-20T15:27:44-07:00,0,60
index.js,19,js,536ff3c1,taejunp095-ops,2026-04-20,15:27:44,-07:00,2026-04-20T15:27:44-07:00,0,0
index.js,20,js,536ff3c1,taejunp095-ops,2026-04-20,15:27:44,-07:00,2026-04-20T15:27:44-07:00,0,31
index.js,21,js,536ff3c1,taejunp095-ops,2026-04-20,15:27:44,-07:00,2026-04-20T15:27:44-07:00,1,24
index.js,22,js,536ff3c1,taejunp095-ops,2026-04-20,15:27:44,-07:00,2026-04-20T15:27:44-07:00,2,2
index.js,23,js,536ff3c1,taejunp095-ops,2026-04-20,15:27:44,-07:00,2026-04-20T15:27:44-07:00,3,55
index.js,24,js,536ff3c1,taejunp095-ops,2026-04-20,15:27:44,-07:00,2026-04-20T15:27:44-07:00,3,55
index.js,25,js,536ff3c1,taejunp095-ops,2026-04-20,15:27:44,-07:00,2026-04-20T15:27:44-07:00,3,49
index.js,26,js,536ff3c1,taejunp095-ops,2026-04-20,15:27:44,-07:00,2026-04-20T15:27:44-07:00,3,49
index.js,27,js,536ff3c1,taejunp095-ops,2026-04-20,15:27:44,-07:00,2026-04-20T15:27:44-07:00,2,3
index.js,28,js,536ff3c1,taejunp095-ops,2026-04-20,15:27:44,-07:00,2026-04-20T15:27:44-07:00,1,0
index.js,29,js,c04e73f5,taejunp095-ops,2026-04-20,15:21:03,-07:00,2026-04-20T15:21:03-07:00,0,0
index.html,1,html,7d019dd8,taejunp095-ops,2026-04-01,21:07:00,-07:00,2026-04-01T21:07:00-07:00,0,13
index.html,2,html,7d019dd8,taejunp095-ops,2026-04-01,21:07:00,-07:00,2026-04-01T21:07:00-07:00,0,14
index.html,3,html,7d019dd8,taejunp095-ops,2026-04-01,21:07:00,-07:00,2026-04-01T21:07:00-07:00,0,4
index.html,4,html,7d019dd8,taejunp095-ops,2026-04-01,21:07:00,-07:00,2026-04-01T21:07:00-07:00,2,20
index.html,5,html,7d019dd8,taejunp095-ops,2026-04-01,21:07:00,-07:00,2026-04-01T21:07:00-07:00,2,68
index.html,6,html,7d019dd8,taejunp095-ops,2026-04-01,21:07:00,-07:00,2026-04-01T21:07:00-07:00,2,53
index.html,7,html,b214aa97,taejunp095-ops,2026-04-01,21:27:26,-07:00,2026-04-01T21:27:26-07:00,2,38
index.html,8,html,7d019dd8,taejunp095-ops,2026-04-01,21:07:00,-07:00,2026-04-01T21:07:00-07:00,0,5
index.html,9,html,7d019dd8,taejunp095-ops,2026-04-01,21:07:00,-07:00,2026-04-01T21:07:00-07:00,0,4
index.html,10,html,83abc25a,taejunp095-ops,2026-04-13,10:53:46,-07:00,2026-04-13T10:53:46-07:00,2,0
index.html,11,html,7d019dd8,taejunp095-ops,2026-04-01,21:07:00,-07:00,2026-04-01T21:07:00-07:00,2,18
index.html,12,html,7d019dd8,taejunp095-ops,2026-04-01,21:07:00,-07:00,2026-04-01T21:07:00-07:00,2,64
index.html,13,html,b214aa97,taejunp095-ops,2026-04-01,21:27:26,-07:00,2026-04-01T21:27:26-07:00,2,57
index.html,14,html,442216bc,taejunp095-ops,2026-04-13,10:58:35,-07:00,2026-04-13T10:58:35-07:00,0,0
index.html,15,html,c04e73f5,taejunp095-ops,2026-04-20,15:21:03,-07:00,2026-04-20T15:21:03-07:00,2,0
index.html,16,html,c04e73f5,taejunp095-ops,2026-04-20,15:21:03,-07:00,2026-04-20T15:21:03-07:00,0,0
index.html,17,html,c04e73f5,taejunp095-ops,2026-04-20,15:21:03,-07:00,2026-04-20T15:21:03-07:00,2,22
index.html,18,html,c04e73f5,taejunp095-ops,2026-04-20,15:21:03,-07:00,2026-04-20T15:21:03-07:00,0,26
index.html,19,html,c04e73f5,taejunp095-ops,2026-04-20,15:21:03,-07:00,2026-04-20T15:21:03-07:00,0,50
index.html,20,html,536ff3c1,taejunp095-ops,2026-04-20,15:27:44,-07:00,2026-04-20T15:27:44-07:00,0,0
index.html,21,html,536ff3c1,taejunp095-ops,2026-04-20,15:27:44,-07:00,2026-04-20T15:27:44-07:00,0,19
index.html,22,html,536ff3c1,taejunp095-ops,2026-04-20,15:27:44,-07:00,2026-04-20T15:27:44-07:00,0,28
index.html,23,html,7d019dd8,taejunp095-ops,2026-04-01,21:07:00,-07:00,2026-04-01T21:07:00-07:00,0,5
index.html,24,html,7d019dd8,taejunp095-ops,2026-04-01,21:07:00,-07:00,2026-04-01T21:07:00-07:00,0,5
global.js,1,js,83abc25a,taejunp095-ops,2026-04-13,10:53:46,-07:00,2026-04-13T10:53:46-07:00,0,25
global.js,2,js,83abc25a,taejunp095-ops,2026-04-13,10:53:46,-07:00,2026-04-13T10:53:46-07:00,0,0
global.js,3,js,83abc25a,taejunp095-ops,2026-04-13,10:53:46,-07:00,2026-04-13T10:53:46-07:00,0,41
global.js,4,js,83abc25a,taejunp095-ops,2026-04-13,10:53:46,-07:00,2026-04-13T10:53:46-07:00,1,52
global.js,5,js,83abc25a,taejunp095-ops,2026-04-13,10:53:46,-07:00,2026-04-13T10:53:46-07:00,0,0
global.js,6,js,83abc25a,taejunp095-ops,2026-04-13,10:53:46,-07:00,2026-04-13T10:53:46-07:00,0,0
global.js,7,js,83abc25a,taejunp095-ops,2026-04-13,10:53:46,-07:00,2026-04-13T10:53:46-07:00,0,15
global.js,8,js,83abc25a,taejunp095-ops,2026-04-13,10:53:46,-07:00,2026-04-13T10:53:46-07:00,1,68
global.js,9,js,83abc25a,taejunp095-ops,2026-04-13,10:53:46,-07:00,2026-04-13T10:53:46-07:00,2,3
global.js,10,js,7efa9c3e,taejunp095-ops,2026-04-30,09:50:47,-07:00,2026-04-30T09:50:47-07:00,2,14
global.js,11,js,83abc25a,taejunp095-ops,2026-04-13,10:53:46,-07:00,2026-04-13T10:53:46-07:00,0,0
global.js,12,js,83abc25a,taejunp095-ops,2026-04-13,10:53:46,-07:00,2026-04-13T10:53:46-07:00,0,0
global.js,13,js,83abc25a,taejunp095-ops,2026-04-13,10:53:46,-07:00,2026-04-13T10:53:46-07:00,0,13
global.js,14,js,83abc25a,taejunp095-ops,2026-04-13,10:53:46,-07:00,2026-04-13T10:53:46-07:00,1,25
global.js,15,js,83abc25a,taejunp095-ops,2026-04-13,10:53:46,-07:00,2026-04-13T10:53:46-07:00,1,38
global.js,16,js,83abc25a,taejunp095-ops,2026-04-13,10:53:46,-07:00,2026-04-13T10:53:46-07:00,1,36
global.js,17,js,83abc25a,taejunp095-ops,2026-04-13,10:53:46,-07:00,2026-04-13T10:53:46-07:00,1,34
global.js,18,js,83abc25a,taejunp095-ops,2026-04-13,10:53:46,-07:00,2026-04-13T10:53:46-07:00,1,60
global.js,19,js,83abc25a,taejunp095-ops,2026-04-13,10:53:46,-07:00,2026-04-13T10:53:46-07:00,0,0
global.js,20,js,83abc25a,taejunp095-ops,2026-04-13,10:53:46,-07:00,2026-04-13T10:53:46-07:00,0,0
global.js,21,js,83abc25a,taejunp095-ops,2026-04-13,10:53:46,-07:00,2026-04-13T10:53:46-07:00,0,0
global.js,22,js,83abc25a,taejunp095-ops,2026-04-13,10:53:46,-07:00,2026-04-13T10:53:46-07:00,0,40
global.js,23,js,83abc25a,taejunp095-ops,2026-04-13,10:53:46,-07:00,2026-04-13T10:53:46-07:00,0,25
global.js,24,js,83abc25a,taejunp095-ops,2026-04-13,10:53:46,-07:00,2026-04-13T10:53:46-07:00,0,0
global.js,25,js,83abc25a,taejunp095-ops,2026-04-13,10:53:46,-07:00,2026-04-13T10:53:46-07:00,0,20
global.js,26,js,83abc25a,taejunp095-ops,2026-04-13,10:53:46,-07:00,2026-04-13T10:53:46-07:00,1,14
global.js,27,js,83abc25a,taejunp095-ops,2026-04-13,10:53:46,-07:00,2026-04-13T10:53:46-07:00,0,0
global.js,28,js,7efa9c3e,taejunp095-ops,2026-04-30,09:50:47,-07:00,2026-04-30T09:50:47-07:00,1,0
global.js,29,js,83abc25a,taejunp095-ops,2026-04-13,10:53:46,-07:00,2026-04-13T10:53:46-07:00,1,52
global.js,30,js,83abc25a,taejunp095-ops,2026-04-13,10:53:46,-07:00,2026-04-13T10:53:46-07:00,0,0
global.js,31,js,83abc25a,taejunp095-ops,2026-04-13,10:53:46,-07:00,2026-04-13T10:53:46-07:00,1,34
global.js,32,js,83abc25a,taejunp095-ops,2026-04-13,10:53:46,-07:00,2026-04-13T10:53:46-07:00,1,11
global.js,33,js,83abc25a,taejunp095-ops,2026-04-13,10:53:46,-07:00,2026-04-13T10:53:46-07:00,1,22
global.js,34,js,83abc25a,taejunp095-ops,2026-04-13,10:53:46,-07:00,2026-04-13T10:53:46-07:00,0,0
global.js,35,js,7efa9c3e,taejunp095-ops,2026-04-30,09:50:47,-07:00,2026-04-30T09:50:47-07:00,1,0
global.js,36,js,83abc25a,taejunp095-ops,2026-04-13,10:53:46,-07:00,2026-04-13T10:53:46-07:00,1,17
global.js,37,js,83abc25a,taejunp095-ops,2026-04-13,10:53:46,-07:00,2026-04-13T10:53:46-07:00,2,8
global.js,38,js,83abc25a,taejunp095-ops,2026-04-13,10:53:46,-07:00,2026-04-13T10:53:46-07:00,2,58
global.js,39,js,83abc25a,taejunp095-ops,2026-04-13,10:53:46,-07:00,2026-04-13T10:53:46-07:00,1,0
global.js,40,js,83abc25a,taejunp095-ops,2026-04-13,10:53:46,-07:00,2026-04-13T10:53:46-07:00,0,0
global.js,41,js,7efa9c3e,taejunp095-ops,2026-04-30,09:50:47,-07:00,2026-04-30T09:50:47-07:00,1,0
global.js,42,js,83abc25a,taejunp095-ops,2026-04-13,10:53:46,-07:00,2026-04-13T10:53:46-07:00,1,29
global.js,43,js,83abc25a,taejunp095-ops,2026-04-13,10:53:46,-07:00,2026-04-13T10:53:46-07:00,2,18
global.js,44,js,83abc25a,taejunp095-ops,2026-04-13,10:53:46,-07:00,2026-04-13T10:53:46-07:00,1,0
global.js,45,js,83abc25a,taejunp095-ops,2026-04-13,10:53:46,-07:00,2026-04-13T10:53:46-07:00,0,0
global.js,46,js,83abc25a,taejunp095-ops,2026-04-13,10:53:46,-07:00,2026-04-13T10:53:46-07:00,1,12
global.js,47,js,83abc25a,taejunp095-ops,2026-04-13,10:53:46,-07:00,2026-04-13T10:53:46-07:00,0,0
global.js,48,js,83abc25a,taejunp095-ops,2026-04-13,10:53:46,-07:00,2026-04-13T10:53:46-07:00,0,0
global.js,49,js,83abc25a,taejunp095-ops,2026-04-13,10:53:46,-07:00,2026-04-13T10:53:46-07:00,0,0
global.js,50,js,45bc6e17,taejunp095-ops,2026-04-15,09:39:23,-07:00,2026-04-15T09:39:23-07:00,0,21
global.js,51,js,45bc6e17,taejunp095-ops,2026-04-15,09:39:23,-07:00,2026-04-15T09:39:23-07:00,1,9
global.js,52,js,83abc25a,taejunp095-ops,2026-04-13,10:53:46,-07:00,2026-04-13T10:53:46-07:00,1,0
global.js,53,js,83abc25a,taejunp095-ops,2026-04-13,10:53:46,-07:00,2026-04-13T10:53:46-07:00,1,26
global.js,54,js,83abc25a,taejunp095-ops,2026-04-13,10:53:46,-07:00,2026-04-13T10:53:46-07:00,2,4
global.js,55,js,83abc25a,taejunp095-ops,2026-04-13,10:53:46,-07:00,2026-04-13T10:53:46-07:00,2,6
global.js,56,js,83abc25a,taejunp095-ops,2026-04-13,10:53:46,-07:00,2026-04-13T10:53:46-07:00,3,43
global.js,57,js,83abc25a,taejunp095-ops,2026-04-13,10:53:46,-07:00,2026-04-13T10:53:46-07:00,3,34
global.js,58,js,83abc25a,taejunp095-ops,2026-04-13,10:53:46,-07:00,2026-04-13T10:53:46-07:00,3,32
global.js,59,js,83abc25a,taejunp095-ops,2026-04-13,10:53:46,-07:00,2026-04-13T10:53:46-07:00,2,7
global.js,60,js,83abc25a,taejunp095-ops,2026-04-13,10:53:46,-07:00,2026-04-13T10:53:46-07:00,1,6
global.js,61,js,83abc25a,taejunp095-ops,2026-04-13,10:53:46,-07:00,2026-04-13T10:53:46-07:00,0,0
global.js,62,js,83abc25a,taejunp095-ops,2026-04-13,10:53:46,-07:00,2026-04-13T10:53:46-07:00,0,0
global.js,63,js,83abc25a,taejunp095-ops,2026-04-13,10:53:46,-07:00,2026-04-13T10:53:46-07:00,0,0
global.js,64,js,83abc25a,taejunp095-ops,2026-04-13,10:53:46,-07:00,2026-04-13T10:53:46-07:00,0,60
global.js,65,js,83abc25a,taejunp095-ops,2026-04-13,10:53:46,-07:00,2026-04-13T10:53:46-07:00,0,0
global.js,66,js,83abc25a,taejunp095-ops,2026-04-13,10:53:46,-07:00,2026-04-13T10:53:46-07:00,0,0
global.js,67,js,83abc25a,taejunp095-ops,2026-04-13,10:53:46,-07:00,2026-04-13T10:53:46-07:00,0,31
global.js,68,js,83abc25a,taejunp095-ops,2026-04-13,10:53:46,-07:00,2026-04-13T10:53:46-07:00,1,65
global.js,69,js,83abc25a,taejunp095-ops,2026-04-13,10:53:46,-07:00,2026-04-13T10:53:46-07:00,1,20
global.js,70,js,83abc25a,taejunp095-ops,2026-04-13,10:53:46,-07:00,2026-04-13T10:53:46-07:00,1,32
global.js,71,js,83abc25a,taejunp095-ops,2026-04-13,10:53:46,-07:00,2026-04-13T10:53:46-07:00,0,0
global.js,72,js,83abc25a,taejunp095-ops,2026-04-13,10:53:46,-07:00,2026-04-13T10:53:46-07:00,0,0
global.js,73,js,83abc25a,taejunp095-ops,2026-04-13,10:53:46,-07:00,2026-04-13T10:53:46-07:00,0,0
global.js,74,js,83abc25a,taejunp095-ops,2026-04-13,10:53:46,-07:00,2026-04-13T10:53:46-07:00,0,39
global.js,75,js,83abc25a,taejunp095-ops,2026-04-13,10:53:46,-07:00,2026-04-13T10:53:46-07:00,1,29
global.js,76,js,83abc25a,taejunp095-ops,2026-04-13,10:53:46,-07:00,2026-04-13T10:53:46-07:00,0,1
global.js,77,js,83abc25a,taejunp095-ops,2026-04-13,10:53:46,-07:00,2026-04-13T10:53:46-07:00,0,0
global.js,78,js,83abc25a,taejunp095-ops,2026-04-13,10:53:46,-07:00,2026-04-13T10:53:46-07:00,0,0
global.js,79,js,83abc25a,taejunp095-ops,2026-04-13,10:53:46,-07:00,2026-04-13T10:53:46-07:00,0,34
global.js,80,js,83abc25a,taejunp095-ops,2026-04-13,10:53:46,-07:00,2026-04-13T10:53:46-07:00,1,39
global.js,81,js,c6c00b3d,taejunp095-ops,2026-04-20,15:17:44,-07:00,2026-04-20T15:17:44-07:00,0,0
global.js,82,js,c6c00b3d,taejunp095-ops,2026-04-20,15:17:44,-07:00,2026-04-20T15:17:44-07:00,0,0
global.js,83,js,c6c00b3d,taejunp095-ops,2026-04-20,15:17:44,-07:00,2026-04-20T15:17:44-07:00,0,0
global.js,84,js,c6c00b3d,taejunp095-ops,2026-04-20,15:17:44,-07:00,2026-04-20T15:17:44-07:00,0,36
global.js,85,js,c6c00b3d,taejunp095-ops,2026-04-20,15:17:44,-07:00,2026-04-20T15:17:44-07:00,1,3
global.js,86,js,c6c00b3d,taejunp095-ops,2026-04-20,15:17:44,-07:00,2026-04-20T15:17:44-07:00,2,32
global.js,87,js,c6c00b3d,taejunp095-ops,2026-04-20,15:17:44,-07:00,2026-04-20T15:17:44-07:00,2,20
global.js,88,js,c6c00b3d,taejunp095-ops,2026-04-20,15:17:44,-07:00,2026-04-20T15:17:44-07:00,0,0
global.js,89,js,c6c00b3d,taejunp095-ops,2026-04-20,15:17:44,-07:00,2026-04-20T15:17:44-07:00,2,17
global.js,90,js,c6c00b3d,taejunp095-ops,2026-04-20,15:17:44,-07:00,2026-04-20T15:17:44-07:00,3,66
global.js,91,js,c6c00b3d,taejunp095-ops,2026-04-20,15:17:44,-07:00,2026-04-20T15:17:44-07:00,2,0
global.js,92,js,c6c00b3d,taejunp095-ops,2026-04-20,15:17:44,-07:00,2026-04-20T15:17:44-07:00,0,0
global.js,93,js,c6c00b3d,taejunp095-ops,2026-04-20,15:17:44,-07:00,2026-04-20T15:17:44-07:00,2,33
global.js,94,js,c6c00b3d,taejunp095-ops,2026-04-20,15:17:44,-07:00,2026-04-20T15:17:44-07:00,2,10
global.js,95,js,c6c00b3d,taejunp095-ops,2026-04-20,15:17:44,-07:00,2026-04-20T15:17:44-07:00,1,15
global.js,96,js,c6c00b3d,taejunp095-ops,2026-04-20,15:17:44,-07:00,2026-04-20T15:17:44-07:00,2,59
global.js,97,js,c6c00b3d,taejunp095-ops,2026-04-20,15:17:44,-07:00,2026-04-20T15:17:44-07:00,1,0
global.js,98,js,c6c00b3d,taejunp095-ops,2026-04-20,15:17:44,-07:00,2026-04-20T15:17:44-07:00,0,0
global.js,99,js,c6c00b3d,taejunp095-ops,2026-04-20,15:17:44,-07:00,2026-04-20T15:17:44-07:00,0,0
global.js,100,js,c6c00b3d,taejunp095-ops,2026-04-20,15:17:44,-07:00,2026-04-20T15:17:44-07:00,0,0
global.js,101,js,c6c00b3d,taejunp095-ops,2026-04-20,15:17:44,-07:00,2026-04-20T15:17:44-07:00,0,79
global.js,102,js,c6c00b3d,taejunp095-ops,2026-04-20,15:17:44,-07:00,2026-04-20T15:17:44-07:00,1,30
global.js,103,js,c6c00b3d,taejunp095-ops,2026-04-20,15:17:44,-07:00,2026-04-20T15:17:44-07:00,0,0
global.js,104,js,c6c00b3d,taejunp095-ops,2026-04-20,15:17:44,-07:00,2026-04-20T15:17:44-07:00,1,29
global.js,105,js,c6c00b3d,taejunp095-ops,2026-04-20,15:17:44,-07:00,2026-04-20T15:17:44-07:00,2,48
global.js,106,js,c6c00b3d,taejunp095-ops,2026-04-20,15:17:44,-07:00,2026-04-20T15:17:44-07:00,0,0
global.js,107,js,c6c00b3d,taejunp095-ops,2026-04-20,15:17:44,-07:00,2026-04-20T15:17:44-07:00,2,19
global.js,108,js,c6c00b3d,taejunp095-ops,2026-04-20,15:17:44,-07:00,2026-04-20T15:17:44-07:00,3,49
global.js,109,js,c6c00b3d,taejunp095-ops,2026-04-20,15:17:44,-07:00,2026-04-20T15:17:44-07:00,3,49
global.js,110,js,c6c00b3d,taejunp095-ops,2026-04-20,15:17:44,-07:00,2026-04-20T15:17:44-07:00,3,27
global.js,111,js,7efa9c3e,taejunp095-ops,2026-04-30,09:50:47,-07:00,2026-04-30T09:50:47-07:00,3,41
global.js,112,js,c6c00b3d,taejunp095-ops,2026-04-20,15:17:44,-07:00,2026-04-20T15:17:44-07:00,2,0
global.js,113,js,c6c00b3d,taejunp095-ops,2026-04-20,15:17:44,-07:00,2026-04-20T15:17:44-07:00,0,0
global.js,114,js,c6c00b3d,taejunp095-ops,2026-04-20,15:17:44,-07:00,2026-04-20T15:17:44-07:00,2,36
global.js,115,js,c6c00b3d,taejunp095-ops,2026-04-20,15:17:44,-07:00,2026-04-20T15:17:44-07:00,1,0
global.js,116,js,536ff3c1,taejunp095-ops,2026-04-20,15:27:44,-07:00,2026-04-20T15:27:44-07:00,0,0
global.js,117,js,536ff3c1,taejunp095-ops,2026-04-20,15:27:44,-07:00,2026-04-20T15:27:44-07:00,0,0
global.js,118,js,536ff3c1,taejunp095-ops,2026-04-20,15:27:44,-07:00,2026-04-20T15:27:44-07:00,0,47
global.js,119,js,536ff3c1,taejunp095-ops,2026-04-20,15:27:44,-07:00,2026-04-20T15:27:44-07:00,1,59
global.js,120,js,83abc25a,taejunp095-ops,2026-04-13,10:53:46,-07:00,2026-04-13T10:53:46-07:00,0,0
resume\index.html,1,html,ef65ab24,taejunp095-ops,2026-04-01,22:08:28,-07:00,2026-04-01T22:08:28-07:00,0,13
resume\index.html,2,html,ef65ab24,taejunp095-ops,2026-04-01,22:08:28,-07:00,2026-04-01T22:08:28-07:00,0,14
resume\index.html,3,html,ef65ab24,taejunp095-ops,2026-04-01,22:08:28,-07:00,2026-04-01T22:08:28-07:00,0,4
resume\index.html,4,html,ef65ab24,taejunp095-ops,2026-04-01,22:08:28,-07:00,2026-04-01T22:08:28-07:00,1,20
resume\index.html,5,html,ef65ab24,taejunp095-ops,2026-04-01,22:08:28,-07:00,2026-04-01T22:08:28-07:00,1,33
resume\index.html,6,html,ef65ab24,taejunp095-ops,2026-04-01,22:08:28,-07:00,2026-04-01T22:08:28-07:00,1,41
resume\index.html,7,html,ef65ab24,taejunp095-ops,2026-04-01,22:08:28,-07:00,2026-04-01T22:08:28-07:00,0,5
resume\index.html,8,html,ef65ab24,taejunp095-ops,2026-04-01,22:08:28,-07:00,2026-04-01T22:08:28-07:00,0,4
resume\index.html,9,html,ef65ab24,taejunp095-ops,2026-04-01,22:08:28,-07:00,2026-04-01T22:08:28-07:00,0,0
resume\index.html,10,html,83abc25a,taejunp095-ops,2026-04-13,10:53:46,-07:00,2026-04-13T10:53:46-07:00,0,0
resume\index.html,11,html,ef65ab24,taejunp095-ops,2026-04-01,22:08:28,-07:00,2026-04-01T22:08:28-07:00,0,0
resume\index.html,12,html,bfbef7f1,taejunp095-ops,2026-04-07,16:55:35,-07:00,2026-04-07T16:55:35-07:00,1,28
resume\index.html,13,html,bfbef7f1,taejunp095-ops,2026-04-07,16:55:35,-07:00,2026-04-07T16:55:35-07:00,2,18
resume\index.html,14,html,bfbef7f1,taejunp095-ops,2026-04-07,16:55:35,-07:00,2026-04-07T16:55:35-07:00,2,32
resume\index.html,15,html,bfbef7f1,taejunp095-ops,2026-04-07,16:55:35,-07:00,2026-04-07T16:55:35-07:00,1,7
resume\index.html,16,html,02d7a267,taejunp095-ops,2026-04-01,23:04:50,-07:00,2026-04-01T23:04:50-07:00,0,0
resume\index.html,17,html,ef65ab24,taejunp095-ops,2026-04-01,22:08:28,-07:00,2026-04-01T22:08:28-07:00,1,7
resume\index.html,18,html,ef65ab24,taejunp095-ops,2026-04-01,22:08:28,-07:00,2026-04-01T22:08:28-07:00,2,16
resume\index.html,19,html,ef65ab24,taejunp095-ops,2026-04-01,22:08:28,-07:00,2026-04-01T22:08:28-07:00,2,7
resume\index.html,20,html,ef65ab24,taejunp095-ops,2026-04-01,22:08:28,-07:00,2026-04-01T22:08:28-07:00,3,42
resume\index.html,21,html,ef65ab24,taejunp095-ops,2026-04-01,22:08:28,-07:00,2026-04-01T22:08:28-07:00,3,25
resume\index.html,22,html,ef65ab24,taejunp095-ops,2026-04-01,22:08:28,-07:00,2026-04-01T22:08:28-07:00,3,1
resume\index.html,23,html,ef65ab24,taejunp095-ops,2026-04-01,22:08:28,-07:00,2026-04-01T22:08:28-07:00,4,33
resume\index.html,24,html,ef65ab24,taejunp095-ops,2026-04-01,22:08:28,-07:00,2026-04-01T22:08:28-07:00,4,31
resume\index.html,25,html,ef65ab24,taejunp095-ops,2026-04-01,22:08:28,-07:00,2026-04-01T22:08:28-07:00,3,2
resume\index.html,26,html,ef65ab24,taejunp095-ops,2026-04-01,22:08:28,-07:00,2026-04-01T22:08:28-07:00,2,8
resume\index.html,27,html,ef65ab24,taejunp095-ops,2026-04-01,22:08:28,-07:00,2026-04-01T22:08:28-07:00,1,8
resume\index.html,28,html,ef65ab24,taejunp095-ops,2026-04-01,22:08:28,-07:00,2026-04-01T22:08:28-07:00,0,0
resume\index.html,29,html,ef65ab24,taejunp095-ops,2026-04-01,22:08:28,-07:00,2026-04-01T22:08:28-07:00,1,7
resume\index.html,30,html,ef65ab24,taejunp095-ops,2026-04-01,22:08:28,-07:00,2026-04-01T22:08:28-07:00,2,17
resume\index.html,31,html,ef65ab24,taejunp095-ops,2026-04-01,22:08:28,-07:00,2026-04-01T22:08:28-07:00,0,0
resume\index.html,32,html,ef65ab24,taejunp095-ops,2026-04-01,22:08:28,-07:00,2026-04-01T22:08:28-07:00,2,7
resume\index.html,33,html,ef65ab24,taejunp095-ops,2026-04-01,22:08:28,-07:00,2026-04-01T22:08:28-07:00,3,31
resume\index.html,34,html,ef65ab24,taejunp095-ops,2026-04-01,22:08:28,-07:00,2026-04-01T22:08:28-07:00,3,22
resume\index.html,35,html,ef65ab24,taejunp095-ops,2026-04-01,22:08:28,-07:00,2026-04-01T22:08:28-07:00,3,1
resume\index.html,36,html,ef65ab24,taejunp095-ops,2026-04-01,22:08:28,-07:00,2026-04-01T22:08:28-07:00,4,40
resume\index.html,37,html,ef65ab24,taejunp095-ops,2026-04-01,22:08:28,-07:00,2026-04-01T22:08:28-07:00,4,5
resume\index.html,38,html,ef65ab24,taejunp095-ops,2026-04-01,22:08:28,-07:00,2026-04-01T22:08:28-07:00,3,2
resume\index.html,39,html,ef65ab24,taejunp095-ops,2026-04-01,22:08:28,-07:00,2026-04-01T22:08:28-07:00,3,2
resume\index.html,40,html,ef65ab24,taejunp095-ops,2026-04-01,22:08:28,-07:00,2026-04-01T22:08:28-07:00,4,46
resume\index.html,41,html,ef65ab24,taejunp095-ops,2026-04-01,22:08:28,-07:00,2026-04-01T22:08:28-07:00,4,51
resume\index.html,42,html,ef65ab24,taejunp095-ops,2026-04-01,22:08:28,-07:00,2026-04-01T22:08:28-07:00,4,39
resume\index.html,43,html,ef65ab24,taejunp095-ops,2026-04-01,22:08:28,-07:00,2026-04-01T22:08:28-07:00,3,3
resume\index.html,44,html,ef65ab24,taejunp095-ops,2026-04-01,22:08:28,-07:00,2026-04-01T22:08:28-07:00,2,8
resume\index.html,45,html,ef65ab24,taejunp095-ops,2026-04-01,22:08:28,-07:00,2026-04-01T22:08:28-07:00,0,0
resume\index.html,46,html,ef65ab24,taejunp095-ops,2026-04-01,22:08:28,-07:00,2026-04-01T22:08:28-07:00,2,7
resume\index.html,47,html,ef65ab24,taejunp095-ops,2026-04-01,22:08:28,-07:00,2026-04-01T22:08:28-07:00,3,40
resume\index.html,48,html,bfbef7f1,taejunp095-ops,2026-04-07,16:55:35,-07:00,2026-04-07T16:55:35-07:00,3,5
resume\index.html,49,html,ef65ab24,taejunp095-ops,2026-04-01,22:08:28,-07:00,2026-04-01T22:08:28-07:00,3,1
resume\index.html,50,html,ef65ab24,taejunp095-ops,2026-04-01,22:08:28,-07:00,2026-04-01T22:08:28-07:00,4,40
resume\index.html,51,html,ef65ab24,taejunp095-ops,2026-04-01,22:08:28,-07:00,2026-04-01T22:08:28-07:00,4,38
resume\index.html,52,html,ef65ab24,taejunp095-ops,2026-04-01,22:08:28,-07:00,2026-04-01T22:08:28-07:00,3,2
resume\index.html,53,html,ef65ab24,taejunp095-ops,2026-04-01,22:08:28,-07:00,2026-04-01T22:08:28-07:00,3,2
resume\index.html,54,html,ef65ab24,taejunp095-ops,2026-04-01,22:08:28,-07:00,2026-04-01T22:08:28-07:00,4,58
resume\index.html,55,html,ef65ab24,taejunp095-ops,2026-04-01,22:08:28,-07:00,2026-04-01T22:08:28-07:00,4,47
resume\index.html,56,html,ef65ab24,taejunp095-ops,2026-04-01,22:08:28,-07:00,2026-04-01T22:08:28-07:00,3,3
resume\index.html,57,html,ef65ab24,taejunp095-ops,2026-04-01,22:08:28,-07:00,2026-04-01T22:08:28-07:00,2,8
resume\index.html,58,html,ef65ab24,taejunp095-ops,2026-04-01,22:08:28,-07:00,2026-04-01T22:08:28-07:00,1,8
resume\index.html,59,html,ef65ab24,taejunp095-ops,2026-04-01,22:08:28,-07:00,2026-04-01T22:08:28-07:00,0,0
resume\index.html,60,html,ef65ab24,taejunp095-ops,2026-04-01,22:08:28,-07:00,2026-04-01T22:08:28-07:00,1,7
resume\index.html,61,html,ef65ab24,taejunp095-ops,2026-04-01,22:08:28,-07:00,2026-04-01T22:08:28-07:00,2,15
resume\index.html,62,html,ef65ab24,taejunp095-ops,2026-04-01,22:08:28,-07:00,2026-04-01T22:08:28-07:00,0,0
resume\index.html,63,html,ef65ab24,taejunp095-ops,2026-04-01,22:08:28,-07:00,2026-04-01T22:08:28-07:00,2,7
resume\index.html,64,html,03f0033a,taejunp095-ops,2026-04-01,22:17:12,-07:00,2026-04-01T22:17:12-07:00,3,2
resume\index.html,65,html,bfbef7f1,taejunp095-ops,2026-04-07,16:55:35,-07:00,2026-04-07T16:55:35-07:00,4,65
resume\index.html,66,html,bfbef7f1,taejunp095-ops,2026-04-07,16:55:35,-07:00,2026-04-07T16:55:35-07:00,5,7
resume\index.html,67,html,bfbef7f1,taejunp095-ops,2026-04-07,16:55:35,-07:00,2026-04-07T16:55:35-07:00,4,2
resume\index.html,68,html,bfbef7f1,taejunp095-ops,2026-04-07,16:55:35,-07:00,2026-04-07T16:55:35-07:00,3,3
resume\index.html,69,html,bfbef7f1,taejunp095-ops,2026-04-07,16:55:35,-07:00,2026-04-07T16:55:35-07:00,3,5
resume\index.html,70,html,ef65ab24,taejunp095-ops,2026-04-01,22:08:28,-07:00,2026-04-01T22:08:28-07:00,3,2
resume\index.html,71,html,ef65ab24,taejunp095-ops,2026-04-01,22:08:28,-07:00,2026-04-01T22:08:28-07:00,4,62
resume\index.html,72,html,ef65ab24,taejunp095-ops,2026-04-01,22:08:28,-07:00,2026-04-01T22:08:28-07:00,4,67
resume\index.html,73,html,ef65ab24,taejunp095-ops,2026-04-01,22:08:28,-07:00,2026-04-01T22:08:28-07:00,3,3
resume\index.html,74,html,ef65ab24,taejunp095-ops,2026-04-01,22:08:28,-07:00,2026-04-01T22:08:28-07:00,2,8
resume\index.html,75,html,ef65ab24,taejunp095-ops,2026-04-01,22:08:28,-07:00,2026-04-01T22:08:28-07:00,0,0
resume\index.html,76,html,ef65ab24,taejunp095-ops,2026-04-01,22:08:28,-07:00,2026-04-01T22:08:28-07:00,2,7
resume\index.html,77,html,03f0033a,taejunp095-ops,2026-04-01,22:17:12,-07:00,2026-04-01T22:17:12-07:00,3,2
resume\index.html,78,html,bfbef7f1,taejunp095-ops,2026-04-07,16:55:35,-07:00,2026-04-07T16:55:35-07:00,4,75
resume\index.html,79,html,bfbef7f1,taejunp095-ops,2026-04-07,16:55:35,-07:00,2026-04-07T16:55:35-07:00,5,25
resume\index.html,80,html,bfbef7f1,taejunp095-ops,2026-04-07,16:55:35,-07:00,2026-04-07T16:55:35-07:00,4,2
resume\index.html,81,html,bfbef7f1,taejunp095-ops,2026-04-07,16:55:35,-07:00,2026-04-07T16:55:35-07:00,3,3
resume\index.html,82,html,bfbef7f1,taejunp095-ops,2026-04-07,16:55:35,-07:00,2026-04-07T16:55:35-07:00,3,5
resume\index.html,83,html,ef65ab24,taejunp095-ops,2026-04-01,22:08:28,-07:00,2026-04-01T22:08:28-07:00,3,2
resume\index.html,84,html,ef65ab24,taejunp095-ops,2026-04-01,22:08:28,-07:00,2026-04-01T22:08:28-07:00,4,64
resume\index.html,85,html,ef65ab24,taejunp095-ops,2026-04-01,22:08:28,-07:00,2026-04-01T22:08:28-07:00,4,39
resume\index.html,86,html,ef65ab24,taejunp095-ops,2026-04-01,22:08:28,-07:00,2026-04-01T22:08:28-07:00,3,3
resume\index.html,87,html,ef65ab24,taejunp095-ops,2026-04-01,22:08:28,-07:00,2026-04-01T22:08:28-07:00,2,8
resume\index.html,88,html,ef65ab24,taejunp095-ops,2026-04-01,22:08:28,-07:00,2026-04-01T22:08:28-07:00,1,8
resume\index.html,89,html,ef65ab24,taejunp095-ops,2026-04-01,22:08:28,-07:00,2026-04-01T22:08:28-07:00,0,0
resume\index.html,90,html,ef65ab24,taejunp095-ops,2026-04-01,22:08:28,-07:00,2026-04-01T22:08:28-07:00,1,7
resume\index.html,91,html,ef65ab24,taejunp095-ops,2026-04-01,22:08:28,-07:00,2026-04-01T22:08:28-07:00,2,13
resume\index.html,92,html,ef65ab24,taejunp095-ops,2026-04-01,22:08:28,-07:00,2026-04-01T22:08:28-07:00,2,2
resume\index.html,93,html,ef65ab24,taejunp095-ops,2026-04-01,22:08:28,-07:00,2026-04-01T22:08:28-07:00,3,43
resume\index.html,94,html,ef65ab24,taejunp095-ops,2026-04-01,22:08:28,-07:00,2026-04-01T22:08:28-07:00,3,31
resume\index.html,95,html,ef65ab24,taejunp095-ops,2026-04-01,22:08:28,-07:00,2026-04-01T22:08:28-07:00,3,11
resume\index.html,96,html,ef65ab24,taejunp095-ops,2026-04-01,22:08:28,-07:00,2026-04-01T22:08:28-07:00,3,23
resume\index.html,97,html,ef65ab24,taejunp095-ops,2026-04-01,22:08:28,-07:00,2026-04-01T22:08:28-07:00,2,3
resume\index.html,98,html,ef65ab24,taejunp095-ops,2026-04-01,22:08:28,-07:00,2026-04-01T22:08:28-07:00,1,8
resume\index.html,99,html,442216bc,taejunp095-ops,2026-04-13,10:58:35,-07:00,2026-04-13T10:58:35-07:00,0,48
resume\index.html,100,html,ef65ab24,taejunp095-ops,2026-04-01,22:08:28,-07:00,2026-04-01T22:08:28-07:00,0,5
resume\index.html,101,html,ef65ab24,taejunp095-ops,2026-04-01,22:08:28,-07:00,2026-04-01T22:08:28-07:00,0,5
projects\projects.js,1,js,bf681f02,taejunp095-ops,2026-04-30,09:56:28,-07:00,2026-04-30T09:56:28-07:00,0,63
projects\projects.js,2,js,c6c00b3d,taejunp095-ops,2026-04-20,15:17:44,-07:00,2026-04-20T15:17:44-07:00,0,55
projects\projects.js,3,js,c6c00b3d,taejunp095-ops,2026-04-20,15:17:44,-07:00,2026-04-20T15:17:44-07:00,0,0
projects\projects.js,4,js,c6c00b3d,taejunp095-ops,2026-04-20,15:17:44,-07:00,2026-04-20T15:17:44-07:00,0,55
projects\projects.js,5,js,7efa9c3e,taejunp095-ops,2026-04-30,09:50:47,-07:00,2026-04-30T09:50:47-07:00,0,0
projects\projects.js,6,js,7efa9c3e,taejunp095-ops,2026-04-30,09:50:47,-07:00,2026-04-30T09:50:47-07:00,0,22
projects\projects.js,7,js,7efa9c3e,taejunp095-ops,2026-04-30,09:50:47,-07:00,2026-04-30T09:50:47-07:00,0,13
projects\projects.js,8,js,7efa9c3e,taejunp095-ops,2026-04-30,09:50:47,-07:00,2026-04-30T09:50:47-07:00,0,0
projects\projects.js,9,js,7efa9c3e,taejunp095-ops,2026-04-30,09:50:47,-07:00,2026-04-30T09:50:47-07:00,0,60
projects\projects.js,10,js,7efa9c3e,taejunp095-ops,2026-04-30,09:50:47,-07:00,2026-04-30T09:50:47-07:00,0,53
projects\projects.js,11,js,7efa9c3e,taejunp095-ops,2026-04-30,09:50:47,-07:00,2026-04-30T09:50:47-07:00,0,42
projects\projects.js,12,js,7efa9c3e,taejunp095-ops,2026-04-30,09:50:47,-07:00,2026-04-30T09:50:47-07:00,0,34
projects\projects.js,13,js,e071e4d2,taejunp095-ops,2026-04-30,09:58:29,-07:00,2026-04-30T09:58:29-07:00,0,62
projects\projects.js,14,js,e071e4d2,taejunp095-ops,2026-04-30,09:58:29,-07:00,2026-04-30T09:58:29-07:00,0,0
projects\projects.js,15,js,e071e4d2,taejunp095-ops,2026-04-30,09:58:29,-07:00,2026-04-30T09:58:29-07:00,0,58
projects\projects.js,16,js,7efa9c3e,taejunp095-ops,2026-04-30,09:50:47,-07:00,2026-04-30T09:50:47-07:00,0,0
projects\projects.js,17,js,7efa9c3e,taejunp095-ops,2026-04-30,09:50:47,-07:00,2026-04-30T09:50:47-07:00,0,59
projects\projects.js,18,js,7efa9c3e,taejunp095-ops,2026-04-30,09:50:47,-07:00,2026-04-30T09:50:47-07:00,0,49
projects\projects.js,19,js,7efa9c3e,taejunp095-ops,2026-04-30,09:50:47,-07:00,2026-04-30T09:50:47-07:00,0,0
projects\projects.js,20,js,7efa9c3e,taejunp095-ops,2026-04-30,09:50:47,-07:00,2026-04-30T09:50:47-07:00,0,29
projects\projects.js,21,js,7efa9c3e,taejunp095-ops,2026-04-30,09:50:47,-07:00,2026-04-30T09:50:47-07:00,1,35
projects\projects.js,22,js,e071e4d2,taejunp095-ops,2026-04-30,09:58:29,-07:00,2026-04-30T09:58:29-07:00,2,61
projects\projects.js,23,js,e071e4d2,taejunp095-ops,2026-04-30,09:58:29,-07:00,2026-04-30T09:58:29-07:00,2,57
projects\projects.js,24,js,7efa9c3e,taejunp095-ops,2026-04-30,09:50:47,-07:00,2026-04-30T09:50:47-07:00,0,0
projects\projects.js,25,js,e071e4d2,taejunp095-ops,2026-04-30,09:58:29,-07:00,2026-04-30T09:58:29-07:00,2,17
projects\projects.js,26,js,7efa9c3e,taejunp095-ops,2026-04-30,09:50:47,-07:00,2026-04-30T09:50:47-07:00,3,69
projects\projects.js,27,js,7efa9c3e,taejunp095-ops,2026-04-30,09:50:47,-07:00,2026-04-30T09:50:47-07:00,0,0
projects\projects.js,28,js,7efa9c3e,taejunp095-ops,2026-04-30,09:50:47,-07:00,2026-04-30T09:50:47-07:00,2,34
projects\projects.js,29,js,7efa9c3e,taejunp095-ops,2026-04-30,09:50:47,-07:00,2026-04-30T09:50:47-07:00,1,1
projects\projects.js,30,js,7efa9c3e,taejunp095-ops,2026-04-30,09:50:47,-07:00,2026-04-30T09:50:47-07:00,0,0
projects\projects.js,31,js,7efa9c3e,taejunp095-ops,2026-04-30,09:50:47,-07:00,2026-04-30T09:50:47-07:00,0,0
projects\projects.js,32,js,7efa9c3e,taejunp095-ops,2026-04-30,09:50:47,-07:00,2026-04-30T09:50:47-07:00,0,25
projects\projects.js,33,js,e071e4d2,taejunp095-ops,2026-04-30,09:58:29,-07:00,2026-04-30T09:58:29-07:00,1,43
projects\projects.js,34,js,e071e4d2,taejunp095-ops,2026-04-30,09:58:29,-07:00,2026-04-30T09:58:29-07:00,0,0
projects\projects.js,35,js,7efa9c3e,taejunp095-ops,2026-04-30,09:50:47,-07:00,2026-04-30T09:50:47-07:00,1,55
projects\projects.js,36,js,e071e4d2,taejunp095-ops,2026-04-30,09:58:29,-07:00,2026-04-30T09:58:29-07:00,0,0
projects\projects.js,37,js,e071e4d2,taejunp095-ops,2026-04-30,09:58:29,-07:00,2026-04-30T09:58:29-07:00,1,65
projects\projects.js,38,js,7efa9c3e,taejunp095-ops,2026-04-30,09:50:47,-07:00,2026-04-30T09:50:47-07:00,0,0
projects\projects.js,39,js,7efa9c3e,taejunp095-ops,2026-04-30,09:50:47,-07:00,2026-04-30T09:50:47-07:00,0,0
projects\projects.js,40,js,7efa9c3e,taejunp095-ops,2026-04-30,09:50:47,-07:00,2026-04-30T09:50:47-07:00,0,25
projects\projects.js,41,js,e071e4d2,taejunp095-ops,2026-04-30,09:58:29,-07:00,2026-04-30T09:58:29-07:00,1,58
projects\projects.js,42,js,e071e4d2,taejunp095-ops,2026-04-30,09:58:29,-07:00,2026-04-30T09:58:29-07:00,2,61
projects\projects.js,43,js,7efa9c3e,taejunp095-ops,2026-04-30,09:50:47,-07:00,2026-04-30T09:50:47-07:00,2,42
projects\projects.js,44,js,7efa9c3e,taejunp095-ops,2026-04-30,09:50:47,-07:00,2026-04-30T09:50:47-07:00,1,1
projects\projects.js,45,js,7efa9c3e,taejunp095-ops,2026-04-30,09:50:47,-07:00,2026-04-30T09:50:47-07:00,0,0
projects\projects.js,46,js,f3745236,taejunp095-ops,2026-04-30,10:23:01,-07:00,2026-04-30T10:23:01-07:00,1,26
projects\projects.js,47,js,7efa9c3e,taejunp095-ops,2026-04-30,09:50:47,-07:00,2026-04-30T09:50:47-07:00,2,20
projects\projects.js,48,js,7efa9c3e,taejunp095-ops,2026-04-30,09:50:47,-07:00,2026-04-30T09:50:47-07:00,2,14
projects\projects.js,49,js,7efa9c3e,taejunp095-ops,2026-04-30,09:50:47,-07:00,2026-04-30T09:50:47-07:00,2,11
projects\projects.js,50,js,7efa9c3e,taejunp095-ops,2026-04-30,09:50:47,-07:00,2026-04-30T09:50:47-07:00,1,0
projects\projects.js,51,js,7efa9c3e,taejunp095-ops,2026-04-30,09:50:47,-07:00,2026-04-30T09:50:47-07:00,0,0
projects\projects.js,52,js,f3745236,taejunp095-ops,2026-04-30,10:23:01,-07:00,2026-04-30T10:23:01-07:00,1,46
projects\projects.js,53,js,f3745236,taejunp095-ops,2026-04-30,10:23:01,-07:00,2026-04-30T10:23:01-07:00,2,35
projects\projects.js,54,js,f3745236,taejunp095-ops,2026-04-30,10:23:01,-07:00,2026-04-30T10:23:01-07:00,1,1
projects\projects.js,55,js,7efa9c3e,taejunp095-ops,2026-04-30,09:50:47,-07:00,2026-04-30T09:50:47-07:00,0,0
projects\projects.js,56,js,f3745236,taejunp095-ops,2026-04-30,10:23:01,-07:00,2026-04-30T10:23:01-07:00,1,52
projects\projects.js,57,js,e071e4d2,taejunp095-ops,2026-04-30,09:58:29,-07:00,2026-04-30T09:58:29-07:00,1,35
projects\projects.js,58,js,7efa9c3e,taejunp095-ops,2026-04-30,09:50:47,-07:00,2026-04-30T09:50:47-07:00,0,0
projects\projects.js,59,js,f3745236,taejunp095-ops,2026-04-30,10:23:01,-07:00,2026-04-30T10:23:01-07:00,1,38
projects\projects.js,60,js,7efa9c3e,taejunp095-ops,2026-04-30,09:50:47,-07:00,2026-04-30T09:50:47-07:00,0,0
projects\projects.js,61,js,7efa9c3e,taejunp095-ops,2026-04-30,09:50:47,-07:00,2026-04-30T09:50:47-07:00,1,1
projects\projects.js,62,js,7efa9c3e,taejunp095-ops,2026-04-30,09:50:47,-07:00,2026-04-30T09:50:47-07:00,2,16
projects\projects.js,63,js,7efa9c3e,taejunp095-ops,2026-04-30,09:50:47,-07:00,2026-04-30T09:50:47-07:00,2,12
projects\projects.js,64,js,7efa9c3e,taejunp095-ops,2026-04-30,09:50:47,-07:00,2026-04-30T09:50:47-07:00,2,11
projects\projects.js,65,js,7efa9c3e,taejunp095-ops,2026-04-30,09:50:47,-07:00,2026-04-30T09:50:47-07:00,2,22
projects\projects.js,66,js,f3745236,taejunp095-ops,2026-04-30,10:23:01,-07:00,2026-04-30T10:23:01-07:00,2,40
projects\projects.js,67,js,e071e4d2,taejunp095-ops,2026-04-30,09:58:29,-07:00,2026-04-30T09:58:29-07:00,2,19
projects\projects.js,68,js,f3745236,taejunp095-ops,2026-04-30,10:23:01,-07:00,2026-04-30T10:23:01-07:00,3,61
projects\projects.js,69,js,e071e4d2,taejunp095-ops,2026-04-30,09:58:29,-07:00,2026-04-30T09:58:29-07:00,2,0
projects\projects.js,70,js,7efa9c3e,taejunp095-ops,2026-04-30,09:50:47,-07:00,2026-04-30T09:50:47-07:00,2,26
projects\projects.js,71,js,f3745236,taejunp095-ops,2026-04-30,10:23:01,-07:00,2026-04-30T10:23:01-07:00,3,24
projects\projects.js,72,js,7efa9c3e,taejunp095-ops,2026-04-30,09:50:47,-07:00,2026-04-30T09:50:47-07:00,0,0
projects\projects.js,73,js,e071e4d2,taejunp095-ops,2026-04-30,09:58:29,-07:00,2026-04-30T09:58:29-07:00,3,65
projects\projects.js,74,js,7efa9c3e,taejunp095-ops,2026-04-30,09:50:47,-07:00,2026-04-30T09:50:47-07:00,0,0
projects\projects.js,75,js,7efa9c3e,taejunp095-ops,2026-04-30,09:50:47,-07:00,2026-04-30T09:50:47-07:00,3,15
projects\projects.js,76,js,7efa9c3e,taejunp095-ops,2026-04-30,09:50:47,-07:00,2026-04-30T09:50:47-07:00,3,15
projects\projects.js,77,js,7efa9c3e,taejunp095-ops,2026-04-30,09:50:47,-07:00,2026-04-30T09:50:47-07:00,2,1
projects\projects.js,78,js,7efa9c3e,taejunp095-ops,2026-04-30,09:50:47,-07:00,2026-04-30T09:50:47-07:00,0,0
projects\projects.js,79,js,7efa9c3e,taejunp095-ops,2026-04-30,09:50:47,-07:00,2026-04-30T09:50:47-07:00,1,4
projects\projects.js,80,js,7efa9c3e,taejunp095-ops,2026-04-30,09:50:47,-07:00,2026-04-30T09:50:47-07:00,2,14
projects\projects.js,81,js,7efa9c3e,taejunp095-ops,2026-04-30,09:50:47,-07:00,2026-04-30T09:50:47-07:00,2,9
projects\projects.js,82,js,7efa9c3e,taejunp095-ops,2026-04-30,09:50:47,-07:00,2026-04-30T09:50:47-07:00,2,9
projects\projects.js,83,js,e071e4d2,taejunp095-ops,2026-04-30,09:58:29,-07:00,2026-04-30T09:58:29-07:00,2,19
projects\projects.js,84,js,f3745236,taejunp095-ops,2026-04-30,10:23:01,-07:00,2026-04-30T10:23:01-07:00,3,56
projects\projects.js,85,js,e071e4d2,taejunp095-ops,2026-04-30,09:58:29,-07:00,2026-04-30T09:58:29-07:00,2,0
projects\projects.js,86,js,f3745236,taejunp095-ops,2026-04-30,10:23:01,-07:00,2026-04-30T10:23:01-07:00,2,49
projects\projects.js,87,js,f3745236,taejunp095-ops,2026-04-30,10:23:01,-07:00,2026-04-30T10:23:01-07:00,2,12
projects\projects.js,88,js,f3745236,taejunp095-ops,2026-04-30,10:23:01,-07:00,2026-04-30T10:23:01-07:00,3,26
projects\projects.js,89,js,f3745236,taejunp095-ops,2026-04-30,10:23:01,-07:00,2026-04-30T10:23:01-07:00,3,30
projects\projects.js,90,js,f3745236,taejunp095-ops,2026-04-30,10:23:01,-07:00,2026-04-30T10:23:01-07:00,2,1
projects\projects.js,91,js,7efa9c3e,taejunp095-ops,2026-04-30,09:50:47,-07:00,2026-04-30T09:50:47-07:00,0,0
projects\projects.js,92,js,7efa9c3e,taejunp095-ops,2026-04-30,09:50:47,-07:00,2026-04-30T09:50:47-07:00,0,0
projects\projects.js,93,js,7efa9c3e,taejunp095-ops,2026-04-30,09:50:47,-07:00,2026-04-30T09:50:47-07:00,0,46
projects\projects.js,94,js,7efa9c3e,taejunp095-ops,2026-04-30,09:50:47,-07:00,2026-04-30T09:50:47-07:00,1,25
projects\projects.js,95,js,e071e4d2,taejunp095-ops,2026-04-30,09:58:29,-07:00,2026-04-30T09:58:29-07:00,1,18
projects\projects.js,96,js,7efa9c3e,taejunp095-ops,2026-04-30,09:50:47,-07:00,2026-04-30T09:50:47-07:00,0,0
projects\projects.js,97,js,7efa9c3e,taejunp095-ops,2026-04-30,09:50:47,-07:00,2026-04-30T09:50:47-07:00,1,15
projects\projects.js,98,js,7efa9c3e,taejunp095-ops,2026-04-30,09:50:47,-07:00,2026-04-30T09:50:47-07:00,1,15
projects\projects.js,99,js,7efa9c3e,taejunp095-ops,2026-04-30,09:50:47,-07:00,2026-04-30T09:50:47-07:00,0,1
projects\projects.js,100,js,7efa9c3e,taejunp095-ops,2026-04-30,09:50:47,-07:00,2026-04-30T09:50:47-07:00,0,0
projects\projects.js,101,js,7efa9c3e,taejunp095-ops,2026-04-30,09:50:47,-07:00,2026-04-30T09:50:47-07:00,0,15
projects\projects.js,102,js,7efa9c3e,taejunp095-ops,2026-04-30,09:50:47,-07:00,2026-04-30T09:50:47-07:00,0,15
projects\index.html,1,html,b214aa97,taejunp095-ops,2026-04-01,21:27:26,-07:00,2026-04-01T21:27:26-07:00,0,13
projects\index.html,2,html,b214aa97,taejunp095-ops,2026-04-01,21:27:26,-07:00,2026-04-01T21:27:26-07:00,0,14
projects\index.html,3,html,b214aa97,taejunp095-ops,2026-04-01,21:27:26,-07:00,2026-04-01T21:27:26-07:00,0,4
projects\index.html,4,html,b214aa97,taejunp095-ops,2026-04-01,21:27:26,-07:00,2026-04-01T21:27:26-07:00,2,20
projects\index.html,5,html,b214aa97,taejunp095-ops,2026-04-01,21:27:26,-07:00,2026-04-01T21:27:26-07:00,2,68
projects\index.html,6,html,b214aa97,taejunp095-ops,2026-04-01,21:27:26,-07:00,2026-04-01T21:27:26-07:00,2,21
projects\index.html,7,html,3dfb690a,taejunp095-ops,2026-04-07,16:06:19,-07:00,2026-04-07T16:06:19-07:00,2,41
projects\index.html,8,html,b214aa97,taejunp095-ops,2026-04-01,21:27:26,-07:00,2026-04-01T21:27:26-07:00,0,5
projects\index.html,9,html,b214aa97,taejunp095-ops,2026-04-01,21:27:26,-07:00,2026-04-01T21:27:26-07:00,0,4
projects\index.html,10,html,7efa9c3e,taejunp095-ops,2026-04-30,09:50:47,-07:00,2026-04-30T09:50:47-07:00,0,0
projects\index.html,11,html,b1b9064c,taejunp095-ops,2026-04-30,10:04:07,-07:00,2026-04-30T10:04:07-07:00,1,38
projects\index.html,12,html,7efa9c3e,taejunp095-ops,2026-04-30,09:50:47,-07:00,2026-04-30T09:50:47-07:00,0,0
projects\index.html,13,html,b1b9064c,taejunp095-ops,2026-04-30,10:04:07,-07:00,2026-04-30T10:04:07-07:00,1,27
projects\index.html,14,html,b1b9064c,taejunp095-ops,2026-04-30,10:04:07,-07:00,2026-04-30T10:04:07-07:00,2,58
projects\index.html,15,html,b1b9064c,taejunp095-ops,2026-04-30,10:04:07,-07:00,2026-04-30T10:04:07-07:00,2,22
projects\index.html,16,html,b1b9064c,taejunp095-ops,2026-04-30,10:04:07,-07:00,2026-04-30T10:04:07-07:00,1,4
projects\index.html,17,html,7efa9c3e,taejunp095-ops,2026-04-30,09:50:47,-07:00,2026-04-30T09:50:47-07:00,0,0
projects\index.html,18,html,b1b9064c,taejunp095-ops,2026-04-30,10:04:07,-07:00,2026-04-30T10:04:07-07:00,1,4
projects\index.html,19,html,b1b9064c,taejunp095-ops,2026-04-30,10:04:07,-07:00,2026-04-30T10:04:07-07:00,2,15
projects\index.html,20,html,b1b9064c,taejunp095-ops,2026-04-30,10:04:07,-07:00,2026-04-30T10:04:07-07:00,2,11
projects\index.html,21,html,b1b9064c,taejunp095-ops,2026-04-30,10:04:07,-07:00,2026-04-30T10:04:07-07:00,2,26
projects\index.html,22,html,b1b9064c,taejunp095-ops,2026-04-30,10:04:07,-07:00,2026-04-30T10:04:07-07:00,2,30
projects\index.html,23,html,b1b9064c,taejunp095-ops,2026-04-30,10:04:07,-07:00,2026-04-30T10:04:07-07:00,1,0
projects\index.html,24,html,b1b9064c,taejunp095-ops,2026-04-30,10:04:07,-07:00,2026-04-30T10:04:07-07:00,0,0
projects\index.html,25,html,b1b9064c,taejunp095-ops,2026-04-30,10:04:07,-07:00,2026-04-30T10:04:07-07:00,1,26
projects\index.html,26,html,b1b9064c,taejunp095-ops,2026-04-30,10:04:07,-07:00,2026-04-30T10:04:07-07:00,0,0
projects\index.html,27,html,b1b9064c,taejunp095-ops,2026-04-30,10:04:07,-07:00,2026-04-30T10:04:07-07:00,1,48
projects\index.html,28,html,b1b9064c,taejunp095-ops,2026-04-30,10:04:07,-07:00,2026-04-30T10:04:07-07:00,1,47
projects\index.html,29,html,7efa9c3e,taejunp095-ops,2026-04-30,09:50:47,-07:00,2026-04-30T09:50:47-07:00,0,0
projects\index.html,30,html,b214aa97,taejunp095-ops,2026-04-01,21:27:26,-07:00,2026-04-01T21:27:26-07:00,0,5
projects\index.html,31,html,b214aa97,taejunp095-ops,2026-04-01,21:27:26,-07:00,2026-04-01T21:27:26-07:00,0,5
contact\index.html,1,html,b214aa97,taejunp095-ops,2026-04-01,21:27:26,-07:00,2026-04-01T21:27:26-07:00,0,13
contact\index.html,2,html,b214aa97,taejunp095-ops,2026-04-01,21:27:26,-07:00,2026-04-01T21:27:26-07:00,0,14
contact\index.html,3,html,b214aa97,taejunp095-ops,2026-04-01,21:27:26,-07:00,2026-04-01T21:27:26-07:00,0,4
contact\index.html,4,html,b214aa97,taejunp095-ops,2026-04-01,21:27:26,-07:00,2026-04-01T21:27:26-07:00,2,20
contact\index.html,5,html,b214aa97,taejunp095-ops,2026-04-01,21:27:26,-07:00,2026-04-01T21:27:26-07:00,2,68
contact\index.html,6,html,b214aa97,taejunp095-ops,2026-04-01,21:27:26,-07:00,2026-04-01T21:27:26-07:00,2,20
contact\index.html,7,html,3dfb690a,taejunp095-ops,2026-04-07,16:06:19,-07:00,2026-04-07T16:06:19-07:00,2,41
contact\index.html,8,html,b214aa97,taejunp095-ops,2026-04-01,21:27:26,-07:00,2026-04-01T21:27:26-07:00,0,5
contact\index.html,9,html,b214aa97,taejunp095-ops,2026-04-01,21:27:26,-07:00,2026-04-01T21:27:26-07:00,0,4
contact\index.html,10,html,b214aa97,taejunp095-ops,2026-04-01,21:27:26,-07:00,2026-04-01T21:27:26-07:00,0,0
contact\index.html,11,html,83abc25a,taejunp095-ops,2026-04-13,10:53:46,-07:00,2026-04-13T10:53:46-07:00,2,0
contact\index.html,12,html,b214aa97,taejunp095-ops,2026-04-01,21:27:26,-07:00,2026-04-01T21:27:26-07:00,2,14
contact\index.html,13,html,0126ed18,taejunp095-ops,2026-04-01,22:00:42,-07:00,2026-04-01T22:00:42-07:00,0,0
contact\index.html,14,html,450cd161,taejunp095-ops,2026-04-07,16:17:53,-07:00,2026-04-07T16:17:53-07:00,2,71
contact\index.html,15,html,28f1f865,taejunp095-ops,2026-04-01,22:03:03,-07:00,2026-04-01T22:03:03-07:00,1,5
contact\index.html,16,html,450cd161,taejunp095-ops,2026-04-07,16:17:53,-07:00,2026-04-07T16:17:53-07:00,2,3
contact\index.html,17,html,450cd161,taejunp095-ops,2026-04-07,16:17:53,-07:00,2026-04-07T16:17:53-07:00,2,29
contact\index.html,18,html,28f1f865,taejunp095-ops,2026-04-01,22:03:03,-07:00,2026-04-01T22:03:03-07:00,1,6
contact\index.html,19,html,0126ed18,taejunp095-ops,2026-04-01,22:00:42,-07:00,2026-04-01T22:00:42-07:00,0,0
contact\index.html,20,html,450cd161,taejunp095-ops,2026-04-07,16:17:53,-07:00,2026-04-07T16:17:53-07:00,1,5
contact\index.html,21,html,450cd161,taejunp095-ops,2026-04-07,16:17:53,-07:00,2026-04-07T16:17:53-07:00,2,4
contact\index.html,22,html,450cd161,taejunp095-ops,2026-04-07,16:17:53,-07:00,2026-04-07T16:17:53-07:00,2,31
contact\index.html,23,html,450cd161,taejunp095-ops,2026-04-07,16:17:53,-07:00,2026-04-07T16:17:53-07:00,1,6
contact\index.html,24,html,0126ed18,taejunp095-ops,2026-04-01,22:00:42,-07:00,2026-04-01T22:00:42-07:00,0,0
contact\index.html,25,html,0126ed18,taejunp095-ops,2026-04-01,22:00:42,-07:00,2026-04-01T22:00:42-07:00,1,5
contact\index.html,26,html,0126ed18,taejunp095-ops,2026-04-01,22:00:42,-07:00,2026-04-01T22:00:42-07:00,2,6
contact\index.html,27,html,450cd161,taejunp095-ops,2026-04-07,16:17:53,-07:00,2026-04-07T16:17:53-07:00,2,32
contact\index.html,28,html,0126ed18,taejunp095-ops,2026-04-01,22:00:42,-07:00,2026-04-01T22:00:42-07:00,1,6
contact\index.html,29,html,0126ed18,taejunp095-ops,2026-04-01,22:00:42,-07:00,2026-04-01T22:00:42-07:00,0,0
contact\index.html,30,html,0126ed18,taejunp095-ops,2026-04-01,22:00:42,-07:00,2026-04-01T22:00:42-07:00,1,5
contact\index.html,31,html,0126ed18,taejunp095-ops,2026-04-01,22:00:42,-07:00,2026-04-01T22:00:42-07:00,2,6
contact\index.html,32,html,450cd161,taejunp095-ops,2026-04-07,16:17:53,-07:00,2026-04-07T16:17:53-07:00,2,34
contact\index.html,33,html,0126ed18,taejunp095-ops,2026-04-01,22:00:42,-07:00,2026-04-01T22:00:42-07:00,1,6
contact\index.html,34,html,0126ed18,taejunp095-ops,2026-04-01,22:00:42,-07:00,2026-04-01T22:00:42-07:00,0,0
contact\index.html,35,html,450cd161,taejunp095-ops,2026-04-07,16:17:53,-07:00,2026-04-07T16:17:53-07:00,1,33
contact\index.html,36,html,0126ed18,taejunp095-ops,2026-04-01,22:00:42,-07:00,2026-04-01T22:00:42-07:00,0,5
contact\index.html,37,html,442216bc,taejunp095-ops,2026-04-13,10:58:35,-07:00,2026-04-13T10:58:35-07:00,0,0
contact\index.html,38,html,442216bc,taejunp095-ops,2026-04-13,10:58:35,-07:00,2026-04-13T10:58:35-07:00,0,48
contact\index.html,39,html,b214aa97,taejunp095-ops,2026-04-01,21:27:26,-07:00,2026-04-01T21:27:26-07:00,0,5
contact\index.html,40,html,b214aa97,taejunp095-ops,2026-04-01,21:27:26,-07:00,2026-04-01T21:27:26-07:00,0,5
